OBJECTID,iso2011_ndvi_tif,X,Y,iso2011_ndvi
1,1,633930,4332120,1
2,1,633960,4332120,1
3,2,633990,4332120,2
4,2,634020,4332120,2
5,2,634050,4332120,2
6,1,634080,4332120,1
7,1,633930,4332090,1
8,1,633960,4332090,1
9,1,633990,4332090,1
10,2,634020,4332090,2
11,2,634050,4332090,2
12,1,634080,4332090,1
13,1,633930,4332060,1
14,1,633960,4332060,1
15,1,633990,4332060,1
16,1,634020,4332060,1
17,1,634050,4332060,1
18,1,634080,4332060,1
19,2,634410,4332060,2
20,1,634440,4332060,1
21,1,634470,4332060,1
22,1,634500,4332060,1
23,1,634530,4332060,1
24,1,634560,4332060,1
25,1,634590,4332060,1
26,1,634620,4332060,1
27,1,634650,4332060,1
28,1,634680,4332060,1
29,1,634710,4332060,1
30,1,634740,4332060,1
31,1,634770,4332060,1
32,2,633930,4332030,2
33,2,633960,4332030,2
34,2,633990,4332030,2
35,1,634020,4332030,1
36,1,634050,4332030,1
37,2,634080,4332030,2
38,2,634110,4332030,2
39,2,634140,4332030,2
40,2,634170,4332030,2
41,2,634200,4332030,2
42,2,634230,4332030,2
43,2,634260,4332030,2
44,2,634380,4332030,2
45,2,634410,4332030,2
46,2,634440,4332030,2
47,2,634470,4332030,2
48,1,634500,4332030,1
49,1,634530,4332030,1
50,1,634560,4332030,1
51,1,634590,4332030,1
52,1,634620,4332030,1
53,1,634650,4332030,1
54,1,634680,4332030,1
55,1,634710,4332030,1
56,2,634740,4332030,2
57,2,634770,4332030,2
58,2,634800,4332030,2
59,2,634830,4332030,2
60,2,634860,4332030,2
61,1,633930,4332000,1
62,1,633960,4332000,1
63,1,633990,4332000,1
64,2,634020,4332000,2
65,2,634050,4332000,2
66,2,634080,4332000,2
67,1,634110,4332000,1
68,1,634140,4332000,1
69,2,634170,4332000,2
70,2,634200,4332000,2
71,2,634230,4332000,2
72,2,634260,4332000,2
73,2,634290,4332000,2
74,2,634320,4332000,2
75,2,634350,4332000,2
76,2,634380,4332000,2
77,2,634410,4332000,2
78,2,634440,4332000,2
79,2,634470,4332000,2
80,2,634500,4332000,2
81,2,634530,4332000,2
82,1,634560,4332000,1
83,1,634590,4332000,1
84,1,634620,4332000,1
85,1,634650,4332000,1
86,1,634680,4332000,1
87,1,634710,4332000,1
88,1,634740,4332000,1
89,2,634770,4332000,2
90,2,634800,4332000,2
91,2,634830,4332000,2
92,2,634860,4332000,2
93,2,634890,4332000,2
94,1,633930,4331970,1
95,1,633960,4331970,1
96,1,633990,4331970,1
97,2,634020,4331970,2
98,2,634050,4331970,2
99,2,634080,4331970,2
100,2,634110,4331970,2
101,2,634140,4331970,2
102,2,634170,4331970,2
103,2,634200,4331970,2
104,2,634230,4331970,2
105,2,634260,4331970,2
106,2,634290,4331970,2
107,2,634320,4331970,2
108,2,634350,4331970,2
109,2,634380,4331970,2
110,2,634410,4331970,2
111,2,634440,4331970,2
112,2,634470,4331970,2
113,2,634500,4331970,2
114,2,634530,4331970,2
115,2,634560,4331970,2
116,1,634590,4331970,1
117,1,634620,4331970,1
118,1,634650,4331970,1
119,1,634680,4331970,1
120,2,634710,4331970,2
121,2,634740,4331970,2
122,2,634770,4331970,2
123,2,634800,4331970,2
124,2,634830,4331970,2
125,2,634860,4331970,2
126,2,634890,4331970,2
127,1,633930,4331940,1
128,1,633960,4331940,1
129,1,633990,4331940,1
130,2,634020,4331940,2
131,2,634050,4331940,2
132,2,634080,4331940,2
133,2,634110,4331940,2
134,2,634140,4331940,2
135,1,634170,4331940,1
136,2,634200,4331940,2
137,2,634230,4331940,2
138,2,634260,4331940,2
139,2,634290,4331940,2
140,2,634320,4331940,2
141,2,634350,4331940,2
142,2,634380,4331940,2
143,2,634410,4331940,2
144,2,634440,4331940,2
145,2,634470,4331940,2
146,2,634500,4331940,2
147,2,634530,4331940,2
148,2,634560,4331940,2
149,2,634590,4331940,2
150,1,634620,4331940,1
151,2,634650,4331940,2
152,2,634680,4331940,2
153,2,634710,4331940,2
154,2,634740,4331940,2
155,2,634770,4331940,2
156,2,634800,4331940,2
157,2,634830,4331940,2
158,2,634860,4331940,2
159,2,634890,4331940,2
160,2,634920,4331940,2
161,2,634950,4331940,2
162,1,633930,4331910,1
163,1,633960,4331910,1
164,1,633990,4331910,1
165,1,634020,4331910,1
166,2,634050,4331910,2
167,2,634080,4331910,2
168,2,634110,4331910,2
169,2,634140,4331910,2
170,2,634170,4331910,2
171,2,634200,4331910,2
172,2,634230,4331910,2
173,2,634260,4331910,2
174,2,634290,4331910,2
175,2,634320,4331910,2
176,2,634350,4331910,2
177,2,634380,4331910,2
178,2,634410,4331910,2
179,2,634440,4331910,2
180,2,634470,4331910,2
181,2,634500,4331910,2
182,2,634530,4331910,2
183,2,634560,4331910,2
184,2,634590,4331910,2
185,2,634620,4331910,2
186,2,634650,4331910,2
187,2,634680,4331910,2
188,2,634710,4331910,2
189,2,634740,4331910,2
190,2,634770,4331910,2
191,1,634800,4331910,1
192,2,634830,4331910,2
193,2,634860,4331910,2
194,2,634890,4331910,2
195,2,634920,4331910,2
196,2,634950,4331910,2
197,1,634980,4331910,1
198,1,635010,4331910,1
199,1,635040,4331910,1
200,1,635070,4331910,1
201,1,635100,4331910,1
202,1,635130,4331910,1
203,2,635160,4331910,2
204,2,635190,4331910,2
205,1,633930,4331880,1
206,1,633960,4331880,1
207,1,633990,4331880,1
208,1,634020,4331880,1
209,2,634050,4331880,2
210,2,634080,4331880,2
211,2,634110,4331880,2
212,2,634140,4331880,2
213,2,634170,4331880,2
214,1,634200,4331880,1
215,2,634230,4331880,2
216,2,634260,4331880,2
217,2,634290,4331880,2
218,2,634320,4331880,2
219,2,634350,4331880,2
220,2,634380,4331880,2
221,2,634410,4331880,2
222,2,634440,4331880,2
223,2,634470,4331880,2
224,2,634500,4331880,2
225,2,634530,4331880,2
226,2,634560,4331880,2
227,2,634590,4331880,2
228,2,634620,4331880,2
229,2,634650,4331880,2
230,2,634680,4331880,2
231,2,634710,4331880,2
232,2,634740,4331880,2
233,2,634770,4331880,2
234,2,634800,4331880,2
235,1,634830,4331880,1
236,2,634860,4331880,2
237,2,634890,4331880,2
238,2,634920,4331880,2
239,1,634950,4331880,1
240,1,634980,4331880,1
241,1,635010,4331880,1
242,1,635040,4331880,1
243,1,635070,4331880,1
244,1,635100,4331880,1
245,1,635130,4331880,1
246,1,635160,4331880,1
247,1,635190,4331880,1
248,2,635220,4331880,2
249,2,635250,4331880,2
250,2,635280,4331880,2
251,2,635310,4331880,2
252,1,635340,4331880,1
253,1,635370,4331880,1
254,1,635400,4331880,1
255,1,635430,4331880,1
256,1,635460,4331880,1
257,1,635490,4331880,1
258,2,635520,4331880,2
259,1,633930,4331850,1
260,1,633960,4331850,1
261,1,633990,4331850,1
262,1,634020,4331850,1
263,1,634050,4331850,1
264,2,634080,4331850,2
265,1,634110,4331850,1
266,2,634140,4331850,2
267,1,634170,4331850,1
268,2,634200,4331850,2
269,1,634230,4331850,1
270,2,634260,4331850,2
271,2,634290,4331850,2
272,2,634320,4331850,2
273,2,634350,4331850,2
274,2,634380,4331850,2
275,2,634410,4331850,2
276,2,634440,4331850,2
277,2,634470,4331850,2
278,2,634500,4331850,2
279,2,634530,4331850,2
280,2,634560,4331850,2
281,2,634590,4331850,2
282,2,634620,4331850,2
283,2,634650,4331850,2
284,2,634680,4331850,2
285,2,634710,4331850,2
286,2,634740,4331850,2
287,2,634770,4331850,2
288,2,634800,4331850,2
289,2,634830,4331850,2
290,2,634860,4331850,2
291,1,634890,4331850,1
292,1,634920,4331850,1
293,2,634950,4331850,2
294,1,634980,4331850,1
295,1,635010,4331850,1
296,1,635040,4331850,1
297,1,635070,4331850,1
298,1,635100,4331850,1
299,1,635130,4331850,1
300,1,635160,4331850,1
301,1,635190,4331850,1
302,1,635220,4331850,1
303,2,635250,4331850,2
304,2,635280,4331850,2
305,2,635310,4331850,2
306,2,635340,4331850,2
307,1,635370,4331850,1
308,1,635400,4331850,1
309,1,635430,4331850,1
310,1,635460,4331850,1
311,1,635490,4331850,1
312,1,635520,4331850,1
313,1,635550,4331850,1
314,1,635580,4331850,1
315,1,635610,4331850,1
316,1,635640,4331850,1
317,1,635670,4331850,1
318,1,635700,4331850,1
319,1,633930,4331820,1
320,1,633960,4331820,1
321,1,633990,4331820,1
322,1,634020,4331820,1
323,1,634050,4331820,1
324,2,634080,4331820,2
325,2,634110,4331820,2
326,1,634140,4331820,1
327,1,634170,4331820,1
328,2,634200,4331820,2
329,1,634230,4331820,1
330,1,634260,4331820,1
331,1,634290,4331820,1
332,2,634320,4331820,2
333,2,634350,4331820,2
334,2,634380,4331820,2
335,2,634410,4331820,2
336,2,634440,4331820,2
337,2,634470,4331820,2
338,2,634500,4331820,2
339,2,634530,4331820,2
340,2,634560,4331820,2
341,2,634590,4331820,2
342,2,634620,4331820,2
343,2,634650,4331820,2
344,2,634680,4331820,2
345,2,634710,4331820,2
346,2,634740,4331820,2
347,2,634770,4331820,2
348,2,634800,4331820,2
349,2,634830,4331820,2
350,2,634860,4331820,2
351,1,634890,4331820,1
352,1,634920,4331820,1
353,1,634950,4331820,1
354,1,634980,4331820,1
355,1,635010,4331820,1
356,1,635040,4331820,1
357,1,635070,4331820,1
358,1,635100,4331820,1
359,1,635130,4331820,1
360,1,635160,4331820,1
361,1,635190,4331820,1
362,1,635220,4331820,1
363,1,635250,4331820,1
364,1,635280,4331820,1
365,1,635310,4331820,1
366,1,635340,4331820,1
367,1,635370,4331820,1
368,1,635400,4331820,1
369,1,635430,4331820,1
370,1,635460,4331820,1
371,1,635490,4331820,1
372,1,635520,4331820,1
373,1,635550,4331820,1
374,1,635580,4331820,1
375,1,635610,4331820,1
376,1,635640,4331820,1
377,1,635670,4331820,1
378,1,635700,4331820,1
379,1,635730,4331820,1
380,1,635760,4331820,1
381,1,635790,4331820,1
382,1,635820,4331820,1
383,1,635850,4331820,1
384,1,635880,4331820,1
385,1,635910,4331820,1
386,1,635940,4331820,1
387,1,633930,4331790,1
388,1,633960,4331790,1
389,1,633990,4331790,1
390,1,634020,4331790,1
391,1,634050,4331790,1
392,2,634080,4331790,2
393,1,634110,4331790,1
394,1,634140,4331790,1
395,1,634170,4331790,1
396,1,634200,4331790,1
397,1,634230,4331790,1
398,1,634260,4331790,1
399,1,634290,4331790,1
400,2,634320,4331790,2
401,2,634350,4331790,2
402,2,634380,4331790,2
403,2,634410,4331790,2
404,2,634440,4331790,2
405,2,634470,4331790,2
406,2,634500,4331790,2
407,2,634530,4331790,2
408,2,634560,4331790,2
409,2,634590,4331790,2
410,2,634620,4331790,2
411,2,634650,4331790,2
412,2,634680,4331790,2
413,2,634710,4331790,2
414,1,634740,4331790,1
415,1,634770,4331790,1
416,2,634800,4331790,2
417,2,634830,4331790,2
418,1,634860,4331790,1
419,1,634890,4331790,1
420,1,634920,4331790,1
421,1,634950,4331790,1
422,1,634980,4331790,1
423,1,635010,4331790,1
424,1,635040,4331790,1
425,2,635070,4331790,2
426,2,635100,4331790,2
427,2,635130,4331790,2
428,2,635160,4331790,2
429,1,635190,4331790,1
430,1,635220,4331790,1
431,1,635250,4331790,1
432,1,635280,4331790,1
433,1,635310,4331790,1
434,1,635340,4331790,1
435,1,635370,4331790,1
436,1,635400,4331790,1
437,1,635430,4331790,1
438,1,635460,4331790,1
439,1,635490,4331790,1
440,1,635520,4331790,1
441,1,635550,4331790,1
442,1,635580,4331790,1
443,1,635610,4331790,1
444,1,635640,4331790,1
445,1,635670,4331790,1
446,1,635700,4331790,1
447,1,635730,4331790,1
448,1,635760,4331790,1
449,1,635790,4331790,1
450,1,635820,4331790,1
451,1,635850,4331790,1
452,1,635880,4331790,1
453,1,635910,4331790,1
454,1,635940,4331790,1
455,1,635970,4331790,1
456,1,636000,4331790,1
457,1,633960,4331760,1
458,1,633990,4331760,1
459,1,634020,4331760,1
460,1,634050,4331760,1
461,1,634080,4331760,1
462,2,634110,4331760,2
463,1,634140,4331760,1
464,1,634170,4331760,1
465,1,634200,4331760,1
466,1,634230,4331760,1
467,1,634260,4331760,1
468,2,634290,4331760,2
469,2,634320,4331760,2
470,2,634350,4331760,2
471,2,634380,4331760,2
472,2,634410,4331760,2
473,2,634440,4331760,2
474,2,634470,4331760,2
475,2,634500,4331760,2
476,2,634530,4331760,2
477,2,634560,4331760,2
478,2,634590,4331760,2
479,2,634620,4331760,2
480,2,634650,4331760,2
481,2,634680,4331760,2
482,2,634710,4331760,2
483,2,634740,4331760,2
484,2,634770,4331760,2
485,1,634800,4331760,1
486,2,634830,4331760,2
487,2,634860,4331760,2
488,1,634890,4331760,1
489,1,634920,4331760,1
490,1,634950,4331760,1
491,2,634980,4331760,2
492,1,635010,4331760,1
493,1,635040,4331760,1
494,1,635070,4331760,1
495,1,635100,4331760,1
496,1,635130,4331760,1
497,1,635160,4331760,1
498,1,635190,4331760,1
499,2,635220,4331760,2
500,1,635250,4331760,1
501,1,635280,4331760,1
502,1,635310,4331760,1
503,1,635340,4331760,1
504,1,635370,4331760,1
505,1,635400,4331760,1
506,1,635430,4331760,1
507,1,635460,4331760,1
508,1,635490,4331760,1
509,1,635520,4331760,1
510,1,635550,4331760,1
511,1,635580,4331760,1
512,1,635610,4331760,1
513,1,635640,4331760,1
514,1,635670,4331760,1
515,1,635700,4331760,1
516,1,635730,4331760,1
517,1,635760,4331760,1
518,1,635790,4331760,1
519,1,635820,4331760,1
520,1,635850,4331760,1
521,1,635880,4331760,1
522,1,635910,4331760,1
523,1,635940,4331760,1
524,1,635970,4331760,1
525,1,636000,4331760,1
526,1,633960,4331730,1
527,1,633990,4331730,1
528,1,634020,4331730,1
529,1,634050,4331730,1
530,2,634080,4331730,2
531,2,634110,4331730,2
532,1,634140,4331730,1
533,1,634170,4331730,1
534,1,634200,4331730,1
535,1,634230,4331730,1
536,1,634260,4331730,1
537,1,634290,4331730,1
538,1,634320,4331730,1
539,1,634350,4331730,1
540,1,634380,4331730,1
541,2,634410,4331730,2
542,2,634440,4331730,2
543,2,634470,4331730,2
544,2,634500,4331730,2
545,2,634530,4331730,2
546,2,634560,4331730,2
547,2,634590,4331730,2
548,2,634620,4331730,2
549,2,634650,4331730,2
550,2,634680,4331730,2
551,2,634710,4331730,2
552,2,634740,4331730,2
553,2,634770,4331730,2
554,2,634800,4331730,2
555,1,634830,4331730,1
556,1,634860,4331730,1
557,2,634890,4331730,2
558,1,634920,4331730,1
559,1,634950,4331730,1
560,1,634980,4331730,1
561,1,635010,4331730,1
562,1,635040,4331730,1
563,1,635070,4331730,1
564,1,635100,4331730,1
565,1,635130,4331730,1
566,1,635160,4331730,1
567,2,635190,4331730,2
568,2,635220,4331730,2
569,1,635250,4331730,1
570,2,635280,4331730,2
571,2,635310,4331730,2
572,1,635340,4331730,1
573,1,635370,4331730,1
574,1,635400,4331730,1
575,1,635430,4331730,1
576,1,635460,4331730,1
577,1,635490,4331730,1
578,1,635520,4331730,1
579,1,635550,4331730,1
580,1,635580,4331730,1
581,1,635610,4331730,1
582,1,635640,4331730,1
583,1,635670,4331730,1
584,1,635700,4331730,1
585,1,635730,4331730,1
586,1,635760,4331730,1
587,1,635790,4331730,1
588,1,635820,4331730,1
589,1,635850,4331730,1
590,1,635880,4331730,1
591,1,635910,4331730,1
592,1,635940,4331730,1
593,1,635970,4331730,1
594,1,636000,4331730,1
595,1,633960,4331700,1
596,1,633990,4331700,1
597,1,634020,4331700,1
598,2,634050,4331700,2
599,2,634080,4331700,2
600,2,634110,4331700,2
601,2,634140,4331700,2
602,1,634170,4331700,1
603,1,634200,4331700,1
604,1,634230,4331700,1
605,1,634260,4331700,1
606,1,634290,4331700,1
607,1,634320,4331700,1
608,1,634350,4331700,1
609,1,634380,4331700,1
610,1,634410,4331700,1
611,2,634440,4331700,2
612,2,634470,4331700,2
613,2,634500,4331700,2
614,2,634530,4331700,2
615,2,634560,4331700,2
616,2,634590,4331700,2
617,2,634620,4331700,2
618,2,634650,4331700,2
619,2,634680,4331700,2
620,2,634710,4331700,2
621,2,634740,4331700,2
622,2,634770,4331700,2
623,2,634800,4331700,2
624,2,634830,4331700,2
625,2,634860,4331700,2
626,2,634890,4331700,2
627,2,634920,4331700,2
628,1,634950,4331700,1
629,1,634980,4331700,1
630,1,635010,4331700,1
631,2,635040,4331700,2
632,1,635070,4331700,1
633,1,635100,4331700,1
634,2,635130,4331700,2
635,2,635160,4331700,2
636,2,635190,4331700,2
637,2,635220,4331700,2
638,2,635250,4331700,2
639,2,635280,4331700,2
640,2,635310,4331700,2
641,2,635340,4331700,2
642,2,635370,4331700,2
643,1,635400,4331700,1
644,1,635430,4331700,1
645,1,635460,4331700,1
646,1,635490,4331700,1
647,1,635520,4331700,1
648,1,635550,4331700,1
649,1,635580,4331700,1
650,1,635610,4331700,1
651,1,635640,4331700,1
652,1,635670,4331700,1
653,2,635700,4331700,2
654,1,635730,4331700,1
655,2,635760,4331700,2
656,2,635790,4331700,2
657,1,635820,4331700,1
658,1,635850,4331700,1
659,1,635880,4331700,1
660,1,635910,4331700,1
661,1,635940,4331700,1
662,1,635970,4331700,1
663,1,636000,4331700,1
664,1,633990,4331670,1
665,1,634020,4331670,1
666,2,634050,4331670,2
667,2,634080,4331670,2
668,2,634110,4331670,2
669,2,634140,4331670,2
670,1,634170,4331670,1
671,1,634200,4331670,1
672,1,634230,4331670,1
673,1,634260,4331670,1
674,1,634290,4331670,1
675,1,634320,4331670,1
676,1,634350,4331670,1
677,1,634380,4331670,1
678,1,634410,4331670,1
679,1,634440,4331670,1
680,2,634470,4331670,2
681,2,634500,4331670,2
682,2,634530,4331670,2
683,2,634560,4331670,2
684,2,634590,4331670,2
685,2,634620,4331670,2
686,2,634650,4331670,2
687,2,634680,4331670,2
688,2,634710,4331670,2
689,2,634740,4331670,2
690,2,634770,4331670,2
691,2,634800,4331670,2
692,2,634830,4331670,2
693,2,634860,4331670,2
694,2,634890,4331670,2
695,2,634920,4331670,2
696,2,634950,4331670,2
697,1,634980,4331670,1
698,2,635010,4331670,2
699,2,635040,4331670,2
700,2,635070,4331670,2
701,2,635100,4331670,2
702,2,635130,4331670,2
703,2,635160,4331670,2
704,2,635190,4331670,2
705,2,635220,4331670,2
706,2,635250,4331670,2
707,2,635280,4331670,2
708,1,635310,4331670,1
709,1,635340,4331670,1
710,2,635370,4331670,2
711,2,635400,4331670,2
712,1,635430,4331670,1
713,1,635460,4331670,1
714,1,635490,4331670,1
715,1,635520,4331670,1
716,1,635550,4331670,1
717,1,635580,4331670,1
718,2,635610,4331670,2
719,2,635640,4331670,2
720,2,635670,4331670,2
721,1,635700,4331670,1
722,1,635730,4331670,1
723,2,635760,4331670,2
724,2,635790,4331670,2
725,1,635820,4331670,1
726,1,635850,4331670,1
727,1,635880,4331670,1
728,1,635910,4331670,1
729,1,635940,4331670,1
730,1,635970,4331670,1
731,1,636000,4331670,1
732,2,636030,4331670,2
733,1,633990,4331640,1
734,2,634020,4331640,2
735,2,634050,4331640,2
736,2,634080,4331640,2
737,2,634110,4331640,2
738,2,634140,4331640,2
739,1,634170,4331640,1
740,1,634200,4331640,1
741,1,634230,4331640,1
742,1,634260,4331640,1
743,1,634290,4331640,1
744,1,634320,4331640,1
745,2,634350,4331640,2
746,2,634380,4331640,2
747,1,634410,4331640,1
748,1,634440,4331640,1
749,1,634470,4331640,1
750,2,634500,4331640,2
751,2,634530,4331640,2
752,2,634560,4331640,2
753,2,634590,4331640,2
754,2,634620,4331640,2
755,2,634650,4331640,2
756,2,634680,4331640,2
757,2,634710,4331640,2
758,2,634740,4331640,2
759,2,634770,4331640,2
760,2,634800,4331640,2
761,2,634830,4331640,2
762,2,634860,4331640,2
763,2,634890,4331640,2
764,2,634920,4331640,2
765,2,634950,4331640,2
766,2,634980,4331640,2
767,2,635010,4331640,2
768,2,635040,4331640,2
769,2,635070,4331640,2
770,2,635100,4331640,2
771,2,635130,4331640,2
772,2,635160,4331640,2
773,2,635190,4331640,2
774,2,635220,4331640,2
775,2,635250,4331640,2
776,2,635280,4331640,2
777,1,635310,4331640,1
778,2,635340,4331640,2
779,2,635370,4331640,2
780,2,635400,4331640,2
781,2,635430,4331640,2
782,1,635460,4331640,1
783,1,635490,4331640,1
784,1,635520,4331640,1
785,1,635550,4331640,1
786,1,635580,4331640,1
787,2,635610,4331640,2
788,2,635640,4331640,2
789,2,635670,4331640,2
790,2,635700,4331640,2
791,1,635730,4331640,1
792,2,635760,4331640,2
793,2,635790,4331640,2
794,1,635820,4331640,1
795,1,635850,4331640,1
796,2,635880,4331640,2
797,1,635910,4331640,1
798,1,635940,4331640,1
799,1,635970,4331640,1
800,1,636000,4331640,1
801,2,636030,4331640,2
802,1,633990,4331610,1
803,1,634020,4331610,1
804,2,634050,4331610,2
805,2,634080,4331610,2
806,2,634110,4331610,2
807,1,634140,4331610,1
808,1,634170,4331610,1
809,1,634200,4331610,1
810,1,634230,4331610,1
811,1,634260,4331610,1
812,1,634290,4331610,1
813,2,634320,4331610,2
814,2,634350,4331610,2
815,2,634380,4331610,2
816,1,634410,4331610,1
817,1,634440,4331610,1
818,1,634470,4331610,1
819,1,634500,4331610,1
820,1,634530,4331610,1
821,1,634560,4331610,1
822,1,634590,4331610,1
823,1,634620,4331610,1
824,2,634650,4331610,2
825,2,634680,4331610,2
826,2,634710,4331610,2
827,2,634740,4331610,2
828,2,634770,4331610,2
829,2,634800,4331610,2
830,2,634830,4331610,2
831,2,634860,4331610,2
832,2,634890,4331610,2
833,2,634920,4331610,2
834,2,634950,4331610,2
835,2,634980,4331610,2
836,2,635010,4331610,2
837,2,635040,4331610,2
838,2,635070,4331610,2
839,2,635100,4331610,2
840,2,635130,4331610,2
841,2,635160,4331610,2
842,2,635190,4331610,2
843,2,635220,4331610,2
844,2,635250,4331610,2
845,2,635280,4331610,2
846,2,635310,4331610,2
847,1,635340,4331610,1
848,2,635370,4331610,2
849,2,635400,4331610,2
850,2,635430,4331610,2
851,1,635460,4331610,1
852,1,635490,4331610,1
853,1,635520,4331610,1
854,1,635550,4331610,1
855,2,635580,4331610,2
856,2,635610,4331610,2
857,2,635640,4331610,2
858,2,635670,4331610,2
859,2,635700,4331610,2
860,2,635730,4331610,2
861,2,635760,4331610,2
862,2,635790,4331610,2
863,1,635820,4331610,1
864,1,635850,4331610,1
865,2,635880,4331610,2
866,2,635910,4331610,2
867,1,635940,4331610,1
868,1,635970,4331610,1
869,1,636000,4331610,1
870,1,636030,4331610,1
871,2,636060,4331610,2
872,1,633990,4331580,1
873,1,634020,4331580,1
874,2,634050,4331580,2
875,2,634080,4331580,2
876,2,634110,4331580,2
877,2,634140,4331580,2
878,1,634170,4331580,1
879,1,634200,4331580,1
880,1,634230,4331580,1
881,1,634260,4331580,1
882,1,634290,4331580,1
883,1,634320,4331580,1
884,2,634350,4331580,2
885,1,634380,4331580,1
886,1,634410,4331580,1
887,1,634440,4331580,1
888,1,634470,4331580,1
889,1,634500,4331580,1
890,1,634530,4331580,1
891,1,634560,4331580,1
892,1,634590,4331580,1
893,1,634620,4331580,1
894,1,634650,4331580,1
895,2,634680,4331580,2
896,2,634710,4331580,2
897,2,634740,4331580,2
898,2,634770,4331580,2
899,2,634800,4331580,2
900,2,634830,4331580,2
901,2,634860,4331580,2
902,2,634890,4331580,2
903,2,634920,4331580,2
904,2,634950,4331580,2
905,2,634980,4331580,2
906,2,635010,4331580,2
907,2,635040,4331580,2
908,2,635070,4331580,2
909,2,635100,4331580,2
910,2,635130,4331580,2
911,2,635160,4331580,2
912,2,635190,4331580,2
913,2,635220,4331580,2
914,2,635250,4331580,2
915,2,635280,4331580,2
916,2,635310,4331580,2
917,2,635340,4331580,2
918,1,635370,4331580,1
919,1,635400,4331580,1
920,2,635430,4331580,2
921,1,635460,4331580,1
922,1,635490,4331580,1
923,1,635520,4331580,1
924,1,635550,4331580,1
925,1,635580,4331580,1
926,1,635610,4331580,1
927,2,635640,4331580,2
928,2,635670,4331580,2
929,2,635700,4331580,2
930,2,635730,4331580,2
931,2,635760,4331580,2
932,1,635790,4331580,1
933,1,635820,4331580,1
934,1,635850,4331580,1
935,2,635880,4331580,2
936,2,635910,4331580,2
937,2,635940,4331580,2
938,1,635970,4331580,1
939,1,636000,4331580,1
940,1,636030,4331580,1
941,1,636060,4331580,1
942,2,634020,4331550,2
943,2,634050,4331550,2
944,2,634080,4331550,2
945,2,634110,4331550,2
946,1,634140,4331550,1
947,1,634170,4331550,1
948,1,634200,4331550,1
949,1,634230,4331550,1
950,1,634260,4331550,1
951,1,634290,4331550,1
952,1,634320,4331550,1
953,1,634350,4331550,1
954,2,634380,4331550,2
955,1,634410,4331550,1
956,1,634440,4331550,1
957,1,634470,4331550,1
958,2,634500,4331550,2
959,1,634530,4331550,1
960,1,634560,4331550,1
961,1,634590,4331550,1
962,1,634620,4331550,1
963,2,634650,4331550,2
964,2,634680,4331550,2
965,2,634710,4331550,2
966,2,634740,4331550,2
967,2,634770,4331550,2
968,2,634800,4331550,2
969,2,634830,4331550,2
970,2,634860,4331550,2
971,2,634890,4331550,2
972,2,634920,4331550,2
973,2,634950,4331550,2
974,2,634980,4331550,2
975,2,635010,4331550,2
976,2,635040,4331550,2
977,2,635070,4331550,2
978,2,635100,4331550,2
979,2,635130,4331550,2
980,2,635160,4331550,2
981,2,635190,4331550,2
982,2,635220,4331550,2
983,2,635250,4331550,2
984,2,635280,4331550,2
985,2,635310,4331550,2
986,2,635340,4331550,2
987,2,635370,4331550,2
988,2,635400,4331550,2
989,2,635430,4331550,2
990,2,635460,4331550,2
991,1,635490,4331550,1
992,1,635520,4331550,1
993,1,635550,4331550,1
994,1,635580,4331550,1
995,1,635610,4331550,1
996,2,635640,4331550,2
997,2,635670,4331550,2
998,2,635700,4331550,2
999,2,635730,4331550,2
1000,2,635760,4331550,2
1001,2,635790,4331550,2
1002,2,635820,4331550,2
1003,2,635850,4331550,2
1004,2,635880,4331550,2
1005,2,635910,4331550,2
1006,2,635940,4331550,2
1007,2,635970,4331550,2
1008,1,636000,4331550,1
1009,2,636030,4331550,2
1010,2,636060,4331550,2
1011,2,634020,4331520,2
1012,2,634050,4331520,2
1013,2,634080,4331520,2
1014,2,634110,4331520,2
1015,1,634140,4331520,1
1016,1,634170,4331520,1
1017,1,634200,4331520,1
1018,1,634230,4331520,1
1019,1,634260,4331520,1
1020,1,634290,4331520,1
1021,1,634320,4331520,1
1022,1,634350,4331520,1
1023,1,634380,4331520,1
1024,2,634410,4331520,2
1025,2,634440,4331520,2
1026,2,634470,4331520,2
1027,2,634500,4331520,2
1028,2,634530,4331520,2
1029,2,634560,4331520,2
1030,1,634590,4331520,1
1031,1,634620,4331520,1
1032,2,634650,4331520,2
1033,2,634680,4331520,2
1034,2,634710,4331520,2
1035,2,634740,4331520,2
1036,2,634770,4331520,2
1037,2,634800,4331520,2
1038,2,634830,4331520,2
1039,2,634860,4331520,2
1040,2,634890,4331520,2
1041,2,634920,4331520,2
1042,2,634950,4331520,2
1043,2,634980,4331520,2
1044,2,635010,4331520,2
1045,2,635040,4331520,2
1046,1,635070,4331520,1
1047,1,635100,4331520,1
1048,2,635130,4331520,2
1049,2,635160,4331520,2
1050,2,635190,4331520,2
1051,2,635220,4331520,2
1052,2,635250,4331520,2
1053,2,635280,4331520,2
1054,2,635310,4331520,2
1055,2,635340,4331520,2
1056,2,635370,4331520,2
1057,2,635400,4331520,2
1058,1,635430,4331520,1
1059,1,635460,4331520,1
1060,2,635490,4331520,2
1061,1,635520,4331520,1
1062,2,635550,4331520,2
1063,2,635580,4331520,2
1064,1,635610,4331520,1
1065,1,635640,4331520,1
1066,2,635670,4331520,2
1067,2,635700,4331520,2
1068,1,635730,4331520,1
1069,2,635760,4331520,2
1070,1,635790,4331520,1
1071,1,635820,4331520,1
1072,1,635850,4331520,1
1073,2,635880,4331520,2
1074,2,635910,4331520,2
1075,2,635940,4331520,2
1076,2,635970,4331520,2
1077,2,636000,4331520,2
1078,2,636030,4331520,2
1079,2,636060,4331520,2
1080,1,634020,4331490,1
1081,2,634050,4331490,2
1082,2,634080,4331490,2
1083,2,634110,4331490,2
1084,2,634140,4331490,2
1085,1,634170,4331490,1
1086,1,634200,4331490,1
1087,1,634230,4331490,1
1088,1,634260,4331490,1
1089,1,634290,4331490,1
1090,1,634320,4331490,1
1091,1,634350,4331490,1
1092,1,634380,4331490,1
1093,1,634410,4331490,1
1094,1,634440,4331490,1
1095,2,634470,4331490,2
1096,1,634500,4331490,1
1097,2,634530,4331490,2
1098,2,634560,4331490,2
1099,1,634590,4331490,1
1100,1,634620,4331490,1
1101,1,634650,4331490,1
1102,1,634680,4331490,1
1103,2,634710,4331490,2
1104,2,634740,4331490,2
1105,2,634770,4331490,2
1106,2,634800,4331490,2
1107,2,634830,4331490,2
1108,2,634860,4331490,2
1109,2,634890,4331490,2
1110,2,634920,4331490,2
1111,2,634950,4331490,2
1112,2,634980,4331490,2
1113,2,635010,4331490,2
1114,2,635040,4331490,2
1115,2,635070,4331490,2
1116,2,635100,4331490,2
1117,2,635130,4331490,2
1118,2,635160,4331490,2
1119,2,635190,4331490,2
1120,2,635220,4331490,2
1121,2,635250,4331490,2
1122,2,635280,4331490,2
1123,2,635310,4331490,2
1124,2,635340,4331490,2
1125,2,635370,4331490,2
1126,2,635400,4331490,2
1127,1,635430,4331490,1
1128,1,635460,4331490,1
1129,1,635490,4331490,1
1130,2,635520,4331490,2
1131,1,635550,4331490,1
1132,2,635580,4331490,2
1133,2,635610,4331490,2
1134,2,635640,4331490,2
1135,2,635670,4331490,2
1136,2,635700,4331490,2
1137,2,635730,4331490,2
1138,2,635760,4331490,2
1139,1,635790,4331490,1
1140,2,635820,4331490,2
1141,2,635850,4331490,2
1142,2,635880,4331490,2
1143,2,635910,4331490,2
1144,2,635940,4331490,2
1145,2,635970,4331490,2
1146,2,636000,4331490,2
1147,2,636030,4331490,2
1148,2,636060,4331490,2
1149,2,636090,4331490,2
1150,1,634020,4331460,1
1151,2,634050,4331460,2
1152,2,634080,4331460,2
1153,2,634110,4331460,2
1154,2,634140,4331460,2
1155,2,634170,4331460,2
1156,1,634200,4331460,1
1157,1,634230,4331460,1
1158,1,634260,4331460,1
1159,1,634290,4331460,1
1160,1,634320,4331460,1
1161,1,634350,4331460,1
1162,1,634380,4331460,1
1163,1,634410,4331460,1
1164,1,634440,4331460,1
1165,1,634470,4331460,1
1166,2,634500,4331460,2
1167,2,634530,4331460,2
1168,2,634560,4331460,2
1169,1,634590,4331460,1
1170,1,634620,4331460,1
1171,1,634650,4331460,1
1172,1,634680,4331460,1
1173,1,634710,4331460,1
1174,1,634740,4331460,1
1175,1,634770,4331460,1
1176,2,634800,4331460,2
1177,2,634830,4331460,2
1178,2,634860,4331460,2
1179,2,634890,4331460,2
1180,2,634920,4331460,2
1181,2,634950,4331460,2
1182,2,634980,4331460,2
1183,2,635010,4331460,2
1184,2,635040,4331460,2
1185,1,635070,4331460,1
1186,2,635100,4331460,2
1187,2,635130,4331460,2
1188,2,635160,4331460,2
1189,2,635190,4331460,2
1190,2,635220,4331460,2
1191,2,635250,4331460,2
1192,2,635280,4331460,2
1193,2,635310,4331460,2
1194,2,635340,4331460,2
1195,2,635370,4331460,2
1196,2,635400,4331460,2
1197,1,635430,4331460,1
1198,1,635460,4331460,1
1199,1,635490,4331460,1
1200,1,635520,4331460,1
1201,1,635550,4331460,1
1202,2,635580,4331460,2
1203,2,635610,4331460,2
1204,2,635640,4331460,2
1205,2,635670,4331460,2
1206,2,635700,4331460,2
1207,2,635730,4331460,2
1208,2,635760,4331460,2
1209,2,635790,4331460,2
1210,2,635820,4331460,2
1211,2,635850,4331460,2
1212,2,635880,4331460,2
1213,2,635910,4331460,2
1214,2,635940,4331460,2
1215,2,635970,4331460,2
1216,2,636000,4331460,2
1217,2,636030,4331460,2
1218,2,636060,4331460,2
1219,2,636090,4331460,2
1220,1,634020,4331430,1
1221,2,634050,4331430,2
1222,2,634080,4331430,2
1223,2,634110,4331430,2
1224,2,634140,4331430,2
1225,1,634170,4331430,1
1226,1,634200,4331430,1
1227,1,634230,4331430,1
1228,1,634260,4331430,1
1229,1,634290,4331430,1
1230,1,634320,4331430,1
1231,1,634350,4331430,1
1232,1,634380,4331430,1
1233,1,634410,4331430,1
1234,1,634440,4331430,1
1235,1,634470,4331430,1
1236,1,634500,4331430,1
1237,1,634530,4331430,1
1238,2,634560,4331430,2
1239,2,634590,4331430,2
1240,1,634620,4331430,1
1241,1,634650,4331430,1
1242,1,634680,4331430,1
1243,1,634710,4331430,1
1244,1,634740,4331430,1
1245,1,634770,4331430,1
1246,2,634800,4331430,2
1247,2,634830,4331430,2
1248,2,634860,4331430,2
1249,2,634890,4331430,2
1250,2,634920,4331430,2
1251,2,634950,4331430,2
1252,2,634980,4331430,2
1253,1,635010,4331430,1
1254,1,635040,4331430,1
1255,1,635070,4331430,1
1256,1,635100,4331430,1
1257,2,635130,4331430,2
1258,1,635160,4331430,1
1259,1,635190,4331430,1
1260,2,635220,4331430,2
1261,2,635250,4331430,2
1262,2,635280,4331430,2
1263,2,635310,4331430,2
1264,2,635340,4331430,2
1265,2,635370,4331430,2
1266,2,635400,4331430,2
1267,2,635430,4331430,2
1268,2,635460,4331430,2
1269,2,635490,4331430,2
1270,2,635520,4331430,2
1271,1,635550,4331430,1
1272,1,635580,4331430,1
1273,2,635610,4331430,2
1274,2,635640,4331430,2
1275,2,635670,4331430,2
1276,2,635700,4331430,2
1277,2,635730,4331430,2
1278,2,635760,4331430,2
1279,2,635790,4331430,2
1280,2,635820,4331430,2
1281,2,635850,4331430,2
1282,2,635880,4331430,2
1283,2,635910,4331430,2
1284,2,635940,4331430,2
1285,2,635970,4331430,2
1286,2,636000,4331430,2
1287,2,636030,4331430,2
1288,2,636060,4331430,2
1289,2,636090,4331430,2
1290,1,634020,4331400,1
1291,2,634050,4331400,2
1292,2,634080,4331400,2
1293,2,634110,4331400,2
1294,2,634140,4331400,2
1295,2,634170,4331400,2
1296,2,634200,4331400,2
1297,1,634230,4331400,1
1298,1,634260,4331400,1
1299,1,634290,4331400,1
1300,1,634320,4331400,1
1301,1,634350,4331400,1
1302,1,634380,4331400,1
1303,1,634410,4331400,1
1304,1,634440,4331400,1
1305,1,634470,4331400,1
1306,1,634500,4331400,1
1307,1,634530,4331400,1
1308,1,634560,4331400,1
1309,2,634590,4331400,2
1310,1,634620,4331400,1
1311,1,634650,4331400,1
1312,1,634680,4331400,1
1313,1,634710,4331400,1
1314,1,634740,4331400,1
1315,1,634770,4331400,1
1316,2,634800,4331400,2
1317,2,634830,4331400,2
1318,2,634860,4331400,2
1319,2,634890,4331400,2
1320,2,634920,4331400,2
1321,2,634950,4331400,2
1322,2,634980,4331400,2
1323,2,635010,4331400,2
1324,1,635040,4331400,1
1325,1,635070,4331400,1
1326,1,635100,4331400,1
1327,1,635130,4331400,1
1328,1,635160,4331400,1
1329,1,635190,4331400,1
1330,1,635220,4331400,1
1331,1,635250,4331400,1
1332,1,635280,4331400,1
1333,2,635310,4331400,2
1334,2,635340,4331400,2
1335,2,635370,4331400,2
1336,2,635400,4331400,2
1337,2,635430,4331400,2
1338,2,635460,4331400,2
1339,2,635490,4331400,2
1340,2,635520,4331400,2
1341,2,635550,4331400,2
1342,1,635580,4331400,1
1343,2,635610,4331400,2
1344,2,635640,4331400,2
1345,2,635670,4331400,2
1346,2,635700,4331400,2
1347,2,635730,4331400,2
1348,2,635760,4331400,2
1349,2,635790,4331400,2
1350,2,635820,4331400,2
1351,2,635850,4331400,2
1352,2,635880,4331400,2
1353,2,635910,4331400,2
1354,2,635940,4331400,2
1355,2,635970,4331400,2
1356,2,636000,4331400,2
1357,2,636030,4331400,2
1358,2,636060,4331400,2
1359,2,636090,4331400,2
1360,2,636120,4331400,2
1361,1,634020,4331370,1
1362,2,634050,4331370,2
1363,2,634080,4331370,2
1364,2,634110,4331370,2
1365,2,634140,4331370,2
1366,2,634170,4331370,2
1367,1,634200,4331370,1
1368,1,634230,4331370,1
1369,1,634260,4331370,1
1370,1,634290,4331370,1
1371,1,634320,4331370,1
1372,2,634350,4331370,2
1373,1,634380,4331370,1
1374,1,634410,4331370,1
1375,1,634440,4331370,1
1376,1,634470,4331370,1
1377,1,634500,4331370,1
1378,1,634530,4331370,1
1379,1,634560,4331370,1
1380,2,634590,4331370,2
1381,2,634620,4331370,2
1382,1,634650,4331370,1
1383,1,634680,4331370,1
1384,1,634710,4331370,1
1385,1,634740,4331370,1
1386,1,634770,4331370,1
1387,2,634800,4331370,2
1388,2,634830,4331370,2
1389,2,634860,4331370,2
1390,1,634890,4331370,1
1391,1,634920,4331370,1
1392,2,634950,4331370,2
1393,2,634980,4331370,2
1394,1,635010,4331370,1
1395,2,635040,4331370,2
1396,2,635070,4331370,2
1397,1,635100,4331370,1
1398,1,635130,4331370,1
1399,1,635160,4331370,1
1400,1,635190,4331370,1
1401,1,635220,4331370,1
1402,1,635250,4331370,1
1403,1,635280,4331370,1
1404,1,635310,4331370,1
1405,2,635340,4331370,2
1406,2,635370,4331370,2
1407,2,635400,4331370,2
1408,2,635430,4331370,2
1409,2,635460,4331370,2
1410,2,635490,4331370,2
1411,2,635520,4331370,2
1412,2,635550,4331370,2
1413,2,635580,4331370,2
1414,2,635610,4331370,2
1415,2,635640,4331370,2
1416,2,635670,4331370,2
1417,2,635700,4331370,2
1418,2,635730,4331370,2
1419,2,635760,4331370,2
1420,2,635790,4331370,2
1421,2,635820,4331370,2
1422,2,635850,4331370,2
1423,2,635880,4331370,2
1424,2,635910,4331370,2
1425,2,635940,4331370,2
1426,2,635970,4331370,2
1427,2,636000,4331370,2
1428,2,636030,4331370,2
1429,2,636060,4331370,2
1430,2,636090,4331370,2
1431,2,636120,4331370,2
1432,1,634020,4331340,1
1433,2,634050,4331340,2
1434,2,634080,4331340,2
1435,2,634110,4331340,2
1436,2,634140,4331340,2
1437,2,634170,4331340,2
1438,2,634200,4331340,2
1439,1,634230,4331340,1
1440,1,634260,4331340,1
1441,1,634290,4331340,1
1442,2,634320,4331340,2
1443,1,634350,4331340,1
1444,1,634380,4331340,1
1445,1,634410,4331340,1
1446,1,634440,4331340,1
1447,1,634470,4331340,1
1448,1,634500,4331340,1
1449,1,634530,4331340,1
1450,2,634560,4331340,2
1451,1,634590,4331340,1
1452,1,634620,4331340,1
1453,1,634650,4331340,1
1454,1,634680,4331340,1
1455,1,634710,4331340,1
1456,1,634740,4331340,1
1457,1,634770,4331340,1
1458,1,634800,4331340,1
1459,2,634830,4331340,2
1460,2,634860,4331340,2
1461,2,634890,4331340,2
1462,1,634920,4331340,1
1463,2,634950,4331340,2
1464,2,634980,4331340,2
1465,2,635010,4331340,2
1466,2,635040,4331340,2
1467,2,635070,4331340,2
1468,2,635100,4331340,2
1469,1,635130,4331340,1
1470,1,635160,4331340,1
1471,1,635190,4331340,1
1472,1,635220,4331340,1
1473,1,635250,4331340,1
1474,1,635280,4331340,1
1475,1,635310,4331340,1
1476,1,635340,4331340,1
1477,2,635370,4331340,2
1478,2,635400,4331340,2
1479,2,635430,4331340,2
1480,2,635460,4331340,2
1481,2,635490,4331340,2
1482,2,635520,4331340,2
1483,2,635550,4331340,2
1484,2,635580,4331340,2
1485,1,635610,4331340,1
1486,2,635640,4331340,2
1487,2,635670,4331340,2
1488,2,635700,4331340,2
1489,1,635730,4331340,1
1490,1,635760,4331340,1
1491,2,635790,4331340,2
1492,2,635820,4331340,2
1493,2,635850,4331340,2
1494,2,635880,4331340,2
1495,2,635910,4331340,2
1496,2,635940,4331340,2
1497,2,635970,4331340,2
1498,2,636000,4331340,2
1499,2,636030,4331340,2
1500,2,636060,4331340,2
1501,2,636090,4331340,2
1502,2,636120,4331340,2
1503,1,634020,4331310,1
1504,1,634050,4331310,1
1505,2,634080,4331310,2
1506,2,634110,4331310,2
1507,2,634140,4331310,2
1508,2,634170,4331310,2
1509,2,634200,4331310,2
1510,2,634230,4331310,2
1511,2,634260,4331310,2
1512,2,634290,4331310,2
1513,2,634320,4331310,2
1514,2,634350,4331310,2
1515,1,634380,4331310,1
1516,1,634410,4331310,1
1517,1,634440,4331310,1
1518,1,634470,4331310,1
1519,1,634500,4331310,1
1520,1,634530,4331310,1
1521,1,634560,4331310,1
1522,1,634590,4331310,1
1523,1,634620,4331310,1
1524,1,634650,4331310,1
1525,2,634680,4331310,2
1526,1,634710,4331310,1
1527,1,634740,4331310,1
1528,1,634770,4331310,1
1529,1,634800,4331310,1
1530,1,634830,4331310,1
1531,2,634860,4331310,2
1532,1,634890,4331310,1
1533,1,634920,4331310,1
1534,1,634950,4331310,1
1535,2,634980,4331310,2
1536,2,635010,4331310,2
1537,2,635040,4331310,2
1538,2,635070,4331310,2
1539,2,635100,4331310,2
1540,2,635130,4331310,2
1541,1,635160,4331310,1
1542,1,635190,4331310,1
1543,1,635220,4331310,1
1544,1,635250,4331310,1
1545,1,635280,4331310,1
1546,1,635310,4331310,1
1547,1,635340,4331310,1
1548,1,635370,4331310,1
1549,2,635400,4331310,2
1550,2,635430,4331310,2
1551,2,635460,4331310,2
1552,2,635490,4331310,2
1553,2,635520,4331310,2
1554,2,635550,4331310,2
1555,1,635580,4331310,1
1556,1,635610,4331310,1
1557,1,635640,4331310,1
1558,1,635670,4331310,1
1559,1,635700,4331310,1
1560,1,635730,4331310,1
1561,1,635760,4331310,1
1562,2,635790,4331310,2
1563,2,635820,4331310,2
1564,2,635850,4331310,2
1565,2,635880,4331310,2
1566,2,635910,4331310,2
1567,2,635940,4331310,2
1568,2,635970,4331310,2
1569,2,636000,4331310,2
1570,2,636030,4331310,2
1571,2,636060,4331310,2
1572,2,636090,4331310,2
1573,2,636120,4331310,2
1574,1,634020,4331280,1
1575,1,634050,4331280,1
1576,1,634080,4331280,1
1577,2,634110,4331280,2
1578,1,634140,4331280,1
1579,1,634170,4331280,1
1580,2,634200,4331280,2
1581,2,634230,4331280,2
1582,2,634260,4331280,2
1583,2,634290,4331280,2
1584,2,634320,4331280,2
1585,1,634350,4331280,1
1586,1,634380,4331280,1
1587,1,634410,4331280,1
1588,1,634440,4331280,1
1589,1,634470,4331280,1
1590,1,634500,4331280,1
1591,1,634530,4331280,1
1592,1,634560,4331280,1
1593,1,634590,4331280,1
1594,1,634620,4331280,1
1595,1,634650,4331280,1
1596,1,634680,4331280,1
1597,1,634710,4331280,1
1598,2,634740,4331280,2
1599,1,634770,4331280,1
1600,1,634800,4331280,1
1601,2,634830,4331280,2
1602,2,634860,4331280,2
1603,2,634890,4331280,2
1604,1,634920,4331280,1
1605,1,634950,4331280,1
1606,1,634980,4331280,1
1607,2,635010,4331280,2
1608,2,635040,4331280,2
1609,2,635070,4331280,2
1610,2,635100,4331280,2
1611,2,635130,4331280,2
1612,2,635160,4331280,2
1613,1,635190,4331280,1
1614,1,635220,4331280,1
1615,1,635250,4331280,1
1616,1,635280,4331280,1
1617,1,635310,4331280,1
1618,2,635340,4331280,2
1619,1,635370,4331280,1
1620,2,635400,4331280,2
1621,2,635430,4331280,2
1622,2,635460,4331280,2
1623,2,635490,4331280,2
1624,2,635520,4331280,2
1625,2,635550,4331280,2
1626,2,635580,4331280,2
1627,2,635610,4331280,2
1628,1,635640,4331280,1
1629,1,635670,4331280,1
1630,1,635700,4331280,1
1631,1,635730,4331280,1
1632,1,635760,4331280,1
1633,1,635790,4331280,1
1634,1,635820,4331280,1
1635,2,635850,4331280,2
1636,1,635880,4331280,1
1637,2,635910,4331280,2
1638,2,635940,4331280,2
1639,2,635970,4331280,2
1640,2,636000,4331280,2
1641,2,636030,4331280,2
1642,2,636060,4331280,2
1643,1,636090,4331280,1
1644,1,636120,4331280,1
1645,1,634050,4331250,1
1646,1,634080,4331250,1
1647,1,634110,4331250,1
1648,1,634140,4331250,1
1649,1,634170,4331250,1
1650,1,634200,4331250,1
1651,2,634230,4331250,2
1652,2,634260,4331250,2
1653,2,634290,4331250,2
1654,2,634320,4331250,2
1655,1,634350,4331250,1
1656,1,634380,4331250,1
1657,1,634410,4331250,1
1658,1,634440,4331250,1
1659,1,634470,4331250,1
1660,1,634500,4331250,1
1661,1,634530,4331250,1
1662,1,634560,4331250,1
1663,1,634590,4331250,1
1664,1,634620,4331250,1
1665,1,634650,4331250,1
1666,1,634680,4331250,1
1667,1,634710,4331250,1
1668,2,634740,4331250,2
1669,1,634770,4331250,1
1670,2,634800,4331250,2
1671,2,634830,4331250,2
1672,2,634860,4331250,2
1673,1,634890,4331250,1
1674,1,634920,4331250,1
1675,1,634950,4331250,1
1676,1,634980,4331250,1
1677,1,635010,4331250,1
1678,2,635040,4331250,2
1679,2,635070,4331250,2
1680,2,635100,4331250,2
1681,2,635130,4331250,2
1682,2,635160,4331250,2
1683,1,635190,4331250,1
1684,1,635220,4331250,1
1685,2,635250,4331250,2
1686,1,635280,4331250,1
1687,1,635310,4331250,1
1688,2,635340,4331250,2
1689,2,635370,4331250,2
1690,2,635400,4331250,2
1691,2,635430,4331250,2
1692,2,635460,4331250,2
1693,2,635490,4331250,2
1694,2,635520,4331250,2
1695,2,635550,4331250,2
1696,2,635580,4331250,2
1697,2,635610,4331250,2
1698,2,635640,4331250,2
1699,1,635670,4331250,1
1700,1,635700,4331250,1
1701,1,635730,4331250,1
1702,1,635760,4331250,1
1703,1,635790,4331250,1
1704,1,635820,4331250,1
1705,1,635850,4331250,1
1706,1,635880,4331250,1
1707,1,635910,4331250,1
1708,1,635940,4331250,1
1709,2,635970,4331250,2
1710,2,636000,4331250,2
1711,2,636030,4331250,2
1712,2,636060,4331250,2
1713,1,636090,4331250,1
1714,1,636120,4331250,1
1715,2,634260,4331220,2
1716,2,634290,4331220,2
1717,1,634320,4331220,1
1718,1,634350,4331220,1
1719,1,634380,4331220,1
1720,1,634410,4331220,1
1721,1,634440,4331220,1
1722,1,634470,4331220,1
1723,1,634500,4331220,1
1724,1,634530,4331220,1
1725,1,634560,4331220,1
1726,1,634590,4331220,1
1727,1,634620,4331220,1
1728,1,634650,4331220,1
1729,1,634680,4331220,1
1730,1,634710,4331220,1
1731,2,634740,4331220,2
1732,1,634770,4331220,1
1733,2,634800,4331220,2
1734,2,634830,4331220,2
1735,2,634860,4331220,2
1736,2,634890,4331220,2
1737,1,634920,4331220,1
1738,1,634950,4331220,1
1739,1,634980,4331220,1
1740,1,635010,4331220,1
1741,2,635040,4331220,2
1742,2,635070,4331220,2
1743,2,635100,4331220,2
1744,2,635130,4331220,2
1745,2,635160,4331220,2
1746,2,635190,4331220,2
1747,1,635220,4331220,1
1748,1,635250,4331220,1
1749,1,635280,4331220,1
1750,2,635310,4331220,2
1751,1,635340,4331220,1
1752,1,635370,4331220,1
1753,2,635400,4331220,2
1754,2,635430,4331220,2
1755,2,635460,4331220,2
1756,2,635490,4331220,2
1757,2,635520,4331220,2
1758,2,635550,4331220,2
1759,2,635580,4331220,2
1760,2,635610,4331220,2
1761,2,635640,4331220,2
1762,1,635670,4331220,1
1763,1,635700,4331220,1
1764,1,635730,4331220,1
1765,1,635760,4331220,1
1766,1,635790,4331220,1
1767,1,635820,4331220,1
1768,1,635850,4331220,1
1769,1,635880,4331220,1
1770,1,635910,4331220,1
1771,1,635940,4331220,1
1772,1,635970,4331220,1
1773,1,636000,4331220,1
1774,2,636030,4331220,2
1775,1,636060,4331220,1
1776,2,636090,4331220,2
1777,1,636120,4331220,1
1778,1,634260,4331190,1
1779,2,634290,4331190,2
1780,1,634320,4331190,1
1781,1,634350,4331190,1
1782,1,634380,4331190,1
1783,1,634410,4331190,1
1784,1,634440,4331190,1
1785,1,634470,4331190,1
1786,1,634500,4331190,1
1787,1,634530,4331190,1
1788,1,634560,4331190,1
1789,1,634590,4331190,1
1790,1,634620,4331190,1
1791,1,634650,4331190,1
1792,2,634680,4331190,2
1793,1,634710,4331190,1
1794,2,634740,4331190,2
1795,2,634770,4331190,2
1796,2,634800,4331190,2
1797,2,634830,4331190,2
1798,2,634860,4331190,2
1799,2,634890,4331190,2
1800,1,634920,4331190,1
1801,1,634950,4331190,1
1802,2,634980,4331190,2
1803,2,635010,4331190,2
1804,2,635040,4331190,2
1805,1,635070,4331190,1
1806,1,635100,4331190,1
1807,2,635130,4331190,2
1808,2,635160,4331190,2
1809,1,635190,4331190,1
1810,1,635220,4331190,1
1811,1,635250,4331190,1
1812,1,635280,4331190,1
1813,2,635310,4331190,2
1814,1,635340,4331190,1
1815,1,635370,4331190,1
1816,1,635400,4331190,1
1817,1,635430,4331190,1
1818,2,635460,4331190,2
1819,2,635490,4331190,2
1820,2,635520,4331190,2
1821,2,635550,4331190,2
1822,2,635580,4331190,2
1823,2,635610,4331190,2
1824,2,635640,4331190,2
1825,2,635670,4331190,2
1826,1,635700,4331190,1
1827,1,635730,4331190,1
1828,1,635760,4331190,1
1829,1,635790,4331190,1
1830,1,635820,4331190,1
1831,1,635850,4331190,1
1832,1,635880,4331190,1
1833,1,635910,4331190,1
1834,1,635940,4331190,1
1835,1,635970,4331190,1
1836,1,636000,4331190,1
1837,1,636030,4331190,1
1838,1,636060,4331190,1
1839,1,636090,4331190,1
1840,2,636120,4331190,2
1841,1,634260,4331160,1
1842,1,634290,4331160,1
1843,1,634320,4331160,1
1844,1,634350,4331160,1
1845,1,634380,4331160,1
1846,1,634410,4331160,1
1847,1,634440,4331160,1
1848,1,634470,4331160,1
1849,1,634500,4331160,1
1850,1,634530,4331160,1
1851,1,634560,4331160,1
1852,1,634590,4331160,1
1853,1,634620,4331160,1
1854,1,634650,4331160,1
1855,1,634680,4331160,1
1856,1,634710,4331160,1
1857,1,634740,4331160,1
1858,2,634770,4331160,2
1859,2,634800,4331160,2
1860,2,634830,4331160,2
1861,2,634860,4331160,2
1862,2,634890,4331160,2
1863,1,634920,4331160,1
1864,2,634950,4331160,2
1865,2,634980,4331160,2
1866,2,635010,4331160,2
1867,2,635040,4331160,2
1868,1,635070,4331160,1
1869,1,635100,4331160,1
1870,1,635130,4331160,1
1871,1,635160,4331160,1
1872,1,635190,4331160,1
1873,1,635220,4331160,1
1874,1,635250,4331160,1
1875,1,635280,4331160,1
1876,1,635310,4331160,1
1877,1,635340,4331160,1
1878,1,635370,4331160,1
1879,1,635400,4331160,1
1880,1,635430,4331160,1
1881,2,635460,4331160,2
1882,2,635490,4331160,2
1883,2,635520,4331160,2
1884,2,635550,4331160,2
1885,2,635580,4331160,2
1886,2,635610,4331160,2
1887,2,635640,4331160,2
1888,1,635670,4331160,1
1889,1,635700,4331160,1
1890,1,635730,4331160,1
1891,1,635760,4331160,1
1892,1,635790,4331160,1
1893,1,635820,4331160,1
1894,1,635850,4331160,1
1895,1,635880,4331160,1
1896,1,635910,4331160,1
1897,1,635940,4331160,1
1898,1,635970,4331160,1
1899,1,636000,4331160,1
1900,1,636030,4331160,1
1901,2,636060,4331160,2
1902,2,636090,4331160,2
1903,2,636120,4331160,2
1904,2,636150,4331160,2
1905,1,636180,4331160,1
1906,1,634380,4331130,1
1907,1,634410,4331130,1
1908,1,634440,4331130,1
1909,1,634470,4331130,1
1910,1,634500,4331130,1
1911,1,634530,4331130,1
1912,1,634560,4331130,1
1913,1,634590,4331130,1
1914,1,634620,4331130,1
1915,1,634650,4331130,1
1916,1,634680,4331130,1
1917,1,634710,4331130,1
1918,1,634740,4331130,1
1919,2,634770,4331130,2
1920,2,634800,4331130,2
1921,2,634830,4331130,2
1922,2,634860,4331130,2
1923,2,634890,4331130,2
1924,2,634920,4331130,2
1925,2,634950,4331130,2
1926,2,634980,4331130,2
1927,1,635010,4331130,1
1928,1,635040,4331130,1
1929,1,635070,4331130,1
1930,1,635100,4331130,1
1931,1,635130,4331130,1
1932,1,635160,4331130,1
1933,1,635190,4331130,1
1934,1,635220,4331130,1
1935,1,635250,4331130,1
1936,1,635280,4331130,1
1937,1,635310,4331130,1
1938,1,635340,4331130,1
1939,1,635370,4331130,1
1940,1,635400,4331130,1
1941,1,635430,4331130,1
1942,1,635460,4331130,1
1943,1,635490,4331130,1
1944,1,635520,4331130,1
1945,1,635550,4331130,1
1946,2,635580,4331130,2
1947,2,635610,4331130,2
1948,1,635640,4331130,1
1949,1,635670,4331130,1
1950,1,635700,4331130,1
1951,1,635730,4331130,1
1952,1,635760,4331130,1
1953,1,635790,4331130,1
1954,1,635820,4331130,1
1955,1,635850,4331130,1
1956,1,635880,4331130,1
1957,1,635910,4331130,1
1958,1,635940,4331130,1
1959,1,635970,4331130,1
1960,1,636000,4331130,1
1961,1,636030,4331130,1
1962,1,636060,4331130,1
1963,1,636090,4331130,1
1964,1,636120,4331130,1
1965,2,636150,4331130,2
1966,2,636180,4331130,2
1967,2,636210,4331130,2
1968,1,634590,4331100,1
1969,1,634620,4331100,1
1970,1,634650,4331100,1
1971,1,634680,4331100,1
1972,1,634710,4331100,1
1973,1,634740,4331100,1
1974,2,634770,4331100,2
1975,2,634800,4331100,2
1976,2,634830,4331100,2
1977,2,634860,4331100,2
1978,2,634890,4331100,2
1979,2,634920,4331100,2
1980,2,634950,4331100,2
1981,2,634980,4331100,2
1982,1,635010,4331100,1
1983,1,635040,4331100,1
1984,1,635070,4331100,1
1985,1,635100,4331100,1
1986,1,635130,4331100,1
1987,1,635160,4331100,1
1988,2,635190,4331100,2
1989,1,635220,4331100,1
1990,1,635250,4331100,1
1991,1,635280,4331100,1
1992,1,635310,4331100,1
1993,1,635340,4331100,1
1994,2,635370,4331100,2
1995,2,635400,4331100,2
1996,1,635430,4331100,1
1997,1,635460,4331100,1
1998,1,635490,4331100,1
1999,1,635520,4331100,1
2000,1,635550,4331100,1
2001,2,635580,4331100,2
2002,2,635610,4331100,2
2003,1,635640,4331100,1
2004,1,635670,4331100,1
2005,1,635700,4331100,1
2006,1,635730,4331100,1
2007,1,635760,4331100,1
2008,1,635790,4331100,1
2009,1,635820,4331100,1
2010,1,635850,4331100,1
2011,1,635880,4331100,1
2012,1,635910,4331100,1
2013,1,635940,4331100,1
2014,1,635970,4331100,1
2015,1,636000,4331100,1
2016,2,636030,4331100,2
2017,2,636060,4331100,2
2018,1,636090,4331100,1
2019,1,636120,4331100,1
2020,1,636150,4331100,1
2021,1,636180,4331100,1
2022,1,636210,4331100,1
2023,1,636240,4331100,1
2024,1,634590,4331070,1
2025,1,634620,4331070,1
2026,1,634650,4331070,1
2027,1,634680,4331070,1
2028,1,634710,4331070,1
2029,1,634740,4331070,1
2030,2,634770,4331070,2
2031,2,634800,4331070,2
2032,2,634830,4331070,2
2033,2,634860,4331070,2
2034,2,634890,4331070,2
2035,2,634920,4331070,2
2036,1,634950,4331070,1
2037,1,634980,4331070,1
2038,1,635010,4331070,1
2039,1,635040,4331070,1
2040,1,635070,4331070,1
2041,1,635100,4331070,1
2042,1,635130,4331070,1
2043,1,635160,4331070,1
2044,1,635190,4331070,1
2045,1,635220,4331070,1
2046,1,635250,4331070,1
2047,1,635280,4331070,1
2048,1,635310,4331070,1
2049,1,635340,4331070,1
2050,1,635370,4331070,1
2051,1,635400,4331070,1
2052,2,635430,4331070,2
2053,1,635460,4331070,1
2054,1,635490,4331070,1
2055,1,635520,4331070,1
2056,1,635550,4331070,1
2057,2,635580,4331070,2
2058,2,635610,4331070,2
2059,1,635640,4331070,1
2060,1,635670,4331070,1
2061,1,635700,4331070,1
2062,1,635730,4331070,1
2063,1,635760,4331070,1
2064,1,635790,4331070,1
2065,1,635820,4331070,1
2066,1,635850,4331070,1
2067,1,635880,4331070,1
2068,1,635910,4331070,1
2069,1,635940,4331070,1
2070,1,635970,4331070,1
2071,1,636000,4331070,1
2072,1,636030,4331070,1
2073,1,636060,4331070,1
2074,1,636090,4331070,1
2075,1,636120,4331070,1
2076,1,636150,4331070,1
2077,1,636180,4331070,1
2078,1,636210,4331070,1
2079,1,636240,4331070,1
2080,1,634590,4331040,1
2081,1,634620,4331040,1
2082,2,634650,4331040,2
2083,2,634680,4331040,2
2084,1,634710,4331040,1
2085,2,634740,4331040,2
2086,2,634770,4331040,2
2087,2,634800,4331040,2
2088,2,634830,4331040,2
2089,2,634860,4331040,2
2090,2,634890,4331040,2
2091,1,634920,4331040,1
2092,1,634950,4331040,1
2093,1,634980,4331040,1
2094,1,635010,4331040,1
2095,1,635040,4331040,1
2096,1,635070,4331040,1
2097,1,635100,4331040,1
2098,1,635130,4331040,1
2099,1,635160,4331040,1
2100,1,635190,4331040,1
2101,1,635220,4331040,1
2102,1,635250,4331040,1
2103,1,635280,4331040,1
2104,1,635310,4331040,1
2105,1,635340,4331040,1
2106,1,635370,4331040,1
2107,2,635400,4331040,2
2108,1,635430,4331040,1
2109,1,635460,4331040,1
2110,1,635490,4331040,1
2111,1,635520,4331040,1
2112,1,635550,4331040,1
2113,2,635580,4331040,2
2114,2,635610,4331040,2
2115,2,635640,4331040,2
2116,1,635670,4331040,1
2117,1,635700,4331040,1
2118,1,635730,4331040,1
2119,1,635760,4331040,1
2120,1,635790,4331040,1
2121,1,635820,4331040,1
2122,1,635850,4331040,1
2123,1,635880,4331040,1
2124,1,635910,4331040,1
2125,1,635940,4331040,1
2126,1,635970,4331040,1
2127,1,636000,4331040,1
2128,1,636030,4331040,1
2129,1,636060,4331040,1
2130,1,636090,4331040,1
2131,1,636120,4331040,1
2132,1,636150,4331040,1
2133,1,636180,4331040,1
2134,1,636210,4331040,1
2135,1,636240,4331040,1
2136,1,636270,4331040,1
2137,1,634590,4331010,1
2138,1,634620,4331010,1
2139,2,634650,4331010,2
2140,1,634680,4331010,1
2141,1,634710,4331010,1
2142,2,634740,4331010,2
2143,2,634770,4331010,2
2144,2,634800,4331010,2
2145,2,634830,4331010,2
2146,2,634860,4331010,2
2147,2,634890,4331010,2
2148,1,634920,4331010,1
2149,1,634950,4331010,1
2150,1,634980,4331010,1
2151,1,635010,4331010,1
2152,1,635040,4331010,1
2153,1,635070,4331010,1
2154,1,635100,4331010,1
2155,1,635130,4331010,1
2156,2,635160,4331010,2
2157,2,635190,4331010,2
2158,1,635220,4331010,1
2159,1,635250,4331010,1
2160,1,635280,4331010,1
2161,1,635310,4331010,1
2162,1,635340,4331010,1
2163,1,635370,4331010,1
2164,1,635400,4331010,1
2165,2,635430,4331010,2
2166,2,635460,4331010,2
2167,2,635490,4331010,2
2168,1,635520,4331010,1
2169,1,635550,4331010,1
2170,1,635580,4331010,1
2171,2,635610,4331010,2
2172,2,635640,4331010,2
2173,1,635670,4331010,1
2174,1,635700,4331010,1
2175,1,635730,4331010,1
2176,1,635760,4331010,1
2177,1,635790,4331010,1
2178,1,635820,4331010,1
2179,1,635850,4331010,1
2180,1,635880,4331010,1
2181,1,635910,4331010,1
2182,1,635940,4331010,1
2183,1,635970,4331010,1
2184,1,636000,4331010,1
2185,1,636030,4331010,1
2186,1,636060,4331010,1
2187,1,636090,4331010,1
2188,1,636120,4331010,1
2189,1,636150,4331010,1
2190,1,636180,4331010,1
2191,1,636210,4331010,1
2192,1,636240,4331010,1
2193,1,636270,4331010,1
2194,1,636300,4331010,1
2195,1,636330,4331010,1
2196,1,634590,4330980,1
2197,1,634620,4330980,1
2198,2,634650,4330980,2
2199,1,634680,4330980,1
2200,1,634710,4330980,1
2201,2,634740,4330980,2
2202,2,634770,4330980,2
2203,2,634800,4330980,2
2204,2,634830,4330980,2
2205,2,634860,4330980,2
2206,2,634890,4330980,2
2207,1,634920,4330980,1
2208,2,634950,4330980,2
2209,1,634980,4330980,1
2210,2,635010,4330980,2
2211,1,635040,4330980,1
2212,1,635070,4330980,1
2213,1,635100,4330980,1
2214,2,635130,4330980,2
2215,2,635160,4330980,2
2216,2,635190,4330980,2
2217,1,635220,4330980,1
2218,1,635250,4330980,1
2219,1,635280,4330980,1
2220,1,635310,4330980,1
2221,1,635340,4330980,1
2222,1,635370,4330980,1
2223,1,635400,4330980,1
2224,1,635430,4330980,1
2225,1,635460,4330980,1
2226,1,635490,4330980,1
2227,1,635520,4330980,1
2228,1,635550,4330980,1
2229,2,635580,4330980,2
2230,2,635610,4330980,2
2231,2,635640,4330980,2
2232,2,635670,4330980,2
2233,2,635700,4330980,2
2234,1,635730,4330980,1
2235,1,635760,4330980,1
2236,1,635790,4330980,1
2237,1,635820,4330980,1
2238,1,635850,4330980,1
2239,1,635880,4330980,1
2240,1,635910,4330980,1
2241,1,635940,4330980,1
2242,1,635970,4330980,1
2243,1,636000,4330980,1
2244,1,636030,4330980,1
2245,1,636060,4330980,1
2246,1,636090,4330980,1
2247,1,636120,4330980,1
2248,1,636150,4330980,1
2249,1,636180,4330980,1
2250,1,636210,4330980,1
2251,1,636240,4330980,1
2252,1,636270,4330980,1
2253,1,636300,4330980,1
2254,1,636330,4330980,1
2255,1,634590,4330950,1
2256,1,634620,4330950,1
2257,2,634650,4330950,2
2258,2,634680,4330950,2
2259,2,634710,4330950,2
2260,2,634740,4330950,2
2261,2,634770,4330950,2
2262,2,634800,4330950,2
2263,2,634830,4330950,2
2264,1,634860,4330950,1
2265,1,634890,4330950,1
2266,1,634920,4330950,1
2267,2,634950,4330950,2
2268,2,634980,4330950,2
2269,2,635010,4330950,2
2270,1,635040,4330950,1
2271,1,635070,4330950,1
2272,1,635100,4330950,1
2273,1,635130,4330950,1
2274,2,635160,4330950,2
2275,1,635190,4330950,1
2276,1,635220,4330950,1
2277,1,635250,4330950,1
2278,1,635280,4330950,1
2279,1,635310,4330950,1
2280,1,635340,4330950,1
2281,1,635370,4330950,1
2282,1,635400,4330950,1
2283,1,635430,4330950,1
2284,1,635460,4330950,1
2285,1,635490,4330950,1
2286,1,635520,4330950,1
2287,1,635550,4330950,1
2288,1,635580,4330950,1
2289,2,635610,4330950,2
2290,2,635640,4330950,2
2291,2,635670,4330950,2
2292,2,635700,4330950,2
2293,2,635730,4330950,2
2294,1,635760,4330950,1
2295,1,635790,4330950,1
2296,1,635820,4330950,1
2297,1,635850,4330950,1
2298,1,635880,4330950,1
2299,1,635910,4330950,1
2300,1,635940,4330950,1
2301,1,635970,4330950,1
2302,1,636000,4330950,1
2303,1,636030,4330950,1
2304,1,636060,4330950,1
2305,1,636090,4330950,1
2306,1,636120,4330950,1
2307,1,636150,4330950,1
2308,1,636180,4330950,1
2309,1,636210,4330950,1
2310,1,636240,4330950,1
2311,1,636270,4330950,1
2312,1,636300,4330950,1
2313,1,636330,4330950,1
2314,1,634590,4330920,1
2315,1,634620,4330920,1
2316,2,634650,4330920,2
2317,2,634680,4330920,2
2318,2,634710,4330920,2
2319,2,634740,4330920,2
2320,2,634770,4330920,2
2321,2,634800,4330920,2
2322,2,634830,4330920,2
2323,2,634860,4330920,2
2324,1,634890,4330920,1
2325,1,634920,4330920,1
2326,1,634950,4330920,1
2327,1,634980,4330920,1
2328,1,635010,4330920,1
2329,1,635040,4330920,1
2330,1,635070,4330920,1
2331,1,635100,4330920,1
2332,1,635130,4330920,1
2333,1,635160,4330920,1
2334,1,635190,4330920,1
2335,1,635220,4330920,1
2336,1,635250,4330920,1
2337,1,635280,4330920,1
2338,1,635310,4330920,1
2339,1,635340,4330920,1
2340,1,635370,4330920,1
2341,1,635400,4330920,1
2342,1,635430,4330920,1
2343,1,635460,4330920,1
2344,1,635490,4330920,1
2345,1,635520,4330920,1
2346,1,635550,4330920,1
2347,1,635580,4330920,1
2348,1,635610,4330920,1
2349,2,635640,4330920,2
2350,2,635670,4330920,2
2351,2,635700,4330920,2
2352,2,635730,4330920,2
2353,2,635760,4330920,2
2354,1,635790,4330920,1
2355,1,635820,4330920,1
2356,1,635850,4330920,1
2357,1,635880,4330920,1
2358,1,635910,4330920,1
2359,1,635940,4330920,1
2360,1,635970,4330920,1
2361,1,636000,4330920,1
2362,1,636030,4330920,1
2363,1,636060,4330920,1
2364,2,636090,4330920,2
2365,2,636120,4330920,2
2366,1,636150,4330920,1
2367,1,636180,4330920,1
2368,1,636210,4330920,1
2369,1,636240,4330920,1
2370,1,636270,4330920,1
2371,1,636300,4330920,1
2372,1,636330,4330920,1
2373,1,634560,4330890,1
2374,1,634590,4330890,1
2375,2,634620,4330890,2
2376,2,634650,4330890,2
2377,2,634680,4330890,2
2378,2,634710,4330890,2
2379,2,634740,4330890,2
2380,2,634770,4330890,2
2381,2,634800,4330890,2
2382,2,634830,4330890,2
2383,2,634860,4330890,2
2384,2,634890,4330890,2
2385,1,634920,4330890,1
2386,1,634950,4330890,1
2387,1,634980,4330890,1
2388,1,635010,4330890,1
2389,1,635040,4330890,1
2390,1,635070,4330890,1
2391,1,635100,4330890,1
2392,1,635130,4330890,1
2393,1,635160,4330890,1
2394,1,635190,4330890,1
2395,1,635220,4330890,1
2396,1,635250,4330890,1
2397,1,635280,4330890,1
2398,1,635310,4330890,1
2399,1,635340,4330890,1
2400,1,635370,4330890,1
2401,1,635400,4330890,1
2402,1,635430,4330890,1
2403,1,635460,4330890,1
2404,1,635490,4330890,1
2405,1,635520,4330890,1
2406,1,635550,4330890,1
2407,1,635580,4330890,1
2408,1,635610,4330890,1
2409,2,635640,4330890,2
2410,2,635670,4330890,2
2411,2,635700,4330890,2
2412,2,635730,4330890,2
2413,2,635760,4330890,2
2414,2,635790,4330890,2
2415,1,635820,4330890,1
2416,1,635850,4330890,1
2417,1,635880,4330890,1
2418,1,635910,4330890,1
2419,1,635940,4330890,1
2420,1,635970,4330890,1
2421,1,636000,4330890,1
2422,1,636030,4330890,1
2423,1,636060,4330890,1
2424,1,636090,4330890,1
2425,2,636120,4330890,2
2426,2,636150,4330890,2
2427,1,636180,4330890,1
2428,1,636210,4330890,1
2429,1,636240,4330890,1
2430,1,636270,4330890,1
2431,1,636300,4330890,1
2432,1,636330,4330890,1
2433,1,634560,4330860,1
2434,1,634590,4330860,1
2435,2,634620,4330860,2
2436,2,634650,4330860,2
2437,2,634680,4330860,2
2438,2,634710,4330860,2
2439,2,634740,4330860,2
2440,2,634770,4330860,2
2441,2,634800,4330860,2
2442,2,634830,4330860,2
2443,2,634860,4330860,2
2444,1,634890,4330860,1
2445,1,634920,4330860,1
2446,1,634950,4330860,1
2447,1,634980,4330860,1
2448,1,635010,4330860,1
2449,1,635040,4330860,1
2450,1,635070,4330860,1
2451,1,635100,4330860,1
2452,1,635130,4330860,1
2453,1,635160,4330860,1
2454,1,635190,4330860,1
2455,2,635220,4330860,2
2456,2,635250,4330860,2
2457,2,635280,4330860,2
2458,2,635310,4330860,2
2459,1,635340,4330860,1
2460,1,635370,4330860,1
2461,1,635400,4330860,1
2462,2,635430,4330860,2
2463,1,635460,4330860,1
2464,1,635490,4330860,1
2465,1,635520,4330860,1
2466,1,635550,4330860,1
2467,2,635580,4330860,2
2468,1,635610,4330860,1
2469,1,635640,4330860,1
2470,1,635670,4330860,1
2471,2,635700,4330860,2
2472,2,635730,4330860,2
2473,2,635760,4330860,2
2474,2,635790,4330860,2
2475,1,635820,4330860,1
2476,1,635850,4330860,1
2477,1,635880,4330860,1
2478,1,635910,4330860,1
2479,1,635940,4330860,1
2480,1,635970,4330860,1
2481,1,636000,4330860,1
2482,1,636030,4330860,1
2483,1,636060,4330860,1
2484,1,636090,4330860,1
2485,1,636120,4330860,1
2486,1,636150,4330860,1
2487,1,636180,4330860,1
2488,1,636210,4330860,1
2489,1,636240,4330860,1
2490,1,636270,4330860,1
2491,1,636300,4330860,1
2492,1,636330,4330860,1
2493,2,634590,4330830,2
2494,2,634620,4330830,2
2495,2,634650,4330830,2
2496,2,634680,4330830,2
2497,2,634710,4330830,2
2498,2,634740,4330830,2
2499,2,634770,4330830,2
2500,2,634800,4330830,2
2501,2,634830,4330830,2
2502,2,634860,4330830,2
2503,1,634890,4330830,1
2504,1,634920,4330830,1
2505,1,634950,4330830,1
2506,1,634980,4330830,1
2507,1,635010,4330830,1
2508,2,635040,4330830,2
2509,2,635070,4330830,2
2510,2,635100,4330830,2
2511,1,635130,4330830,1
2512,1,635160,4330830,1
2513,2,635190,4330830,2
2514,2,635220,4330830,2
2515,2,635250,4330830,2
2516,2,635280,4330830,2
2517,2,635310,4330830,2
2518,1,635340,4330830,1
2519,2,635370,4330830,2
2520,2,635400,4330830,2
2521,2,635430,4330830,2
2522,2,635460,4330830,2
2523,2,635490,4330830,2
2524,1,635520,4330830,1
2525,1,635550,4330830,1
2526,1,635580,4330830,1
2527,1,635610,4330830,1
2528,1,635640,4330830,1
2529,1,635670,4330830,1
2530,2,635700,4330830,2
2531,1,635730,4330830,1
2532,2,635760,4330830,2
2533,2,635790,4330830,2
2534,2,635820,4330830,2
2535,2,635850,4330830,2
2536,2,635880,4330830,2
2537,1,635910,4330830,1
2538,1,635940,4330830,1
2539,1,635970,4330830,1
2540,1,636000,4330830,1
2541,1,636030,4330830,1
2542,1,636060,4330830,1
2543,1,636090,4330830,1
2544,1,636120,4330830,1
2545,1,636150,4330830,1
2546,1,636180,4330830,1
2547,1,636210,4330830,1
2548,1,636240,4330830,1
2549,1,636270,4330830,1
2550,1,636300,4330830,1
2551,1,636330,4330830,1
2552,2,634590,4330800,2
2553,2,634620,4330800,2
2554,2,634650,4330800,2
2555,2,634680,4330800,2
2556,2,634710,4330800,2
2557,2,634740,4330800,2
2558,2,634770,4330800,2
2559,2,634800,4330800,2
2560,2,634830,4330800,2
2561,2,634860,4330800,2
2562,1,634890,4330800,1
2563,1,634920,4330800,1
2564,2,634950,4330800,2
2565,2,634980,4330800,2
2566,2,635010,4330800,2
2567,2,635040,4330800,2
2568,2,635070,4330800,2
2569,2,635100,4330800,2
2570,1,635130,4330800,1
2571,1,635160,4330800,1
2572,2,635190,4330800,2
2573,1,635220,4330800,1
2574,1,635250,4330800,1
2575,2,635280,4330800,2
2576,2,635310,4330800,2
2577,2,635340,4330800,2
2578,2,635370,4330800,2
2579,2,635400,4330800,2
2580,2,635430,4330800,2
2581,2,635460,4330800,2
2582,2,635490,4330800,2
2583,2,635520,4330800,2
2584,1,635550,4330800,1
2585,1,635580,4330800,1
2586,1,635610,4330800,1
2587,1,635640,4330800,1
2588,1,635670,4330800,1
2589,1,635700,4330800,1
2590,2,635730,4330800,2
2591,2,635760,4330800,2
2592,2,635790,4330800,2
2593,2,635820,4330800,2
2594,2,635850,4330800,2
2595,2,635880,4330800,2
2596,2,635910,4330800,2
2597,2,635940,4330800,2
2598,1,635970,4330800,1
2599,1,636000,4330800,1
2600,1,636030,4330800,1
2601,1,636060,4330800,1
2602,1,636090,4330800,1
2603,1,636120,4330800,1
2604,1,636150,4330800,1
2605,1,636180,4330800,1
2606,1,636210,4330800,1
2607,1,636240,4330800,1
2608,1,636270,4330800,1
2609,1,636300,4330800,1
2610,1,636330,4330800,1
2611,1,634590,4330770,1
2612,2,634620,4330770,2
2613,2,634650,4330770,2
2614,2,634680,4330770,2
2615,2,634710,4330770,2
2616,2,634740,4330770,2
2617,2,634770,4330770,2
2618,2,634800,4330770,2
2619,2,634830,4330770,2
2620,2,634860,4330770,2
2621,1,634890,4330770,1
2622,2,634920,4330770,2
2623,2,634950,4330770,2
2624,2,634980,4330770,2
2625,1,635010,4330770,1
2626,2,635040,4330770,2
2627,2,635070,4330770,2
2628,2,635100,4330770,2
2629,2,635130,4330770,2
2630,1,635160,4330770,1
2631,1,635190,4330770,1
2632,1,635220,4330770,1
2633,1,635250,4330770,1
2634,2,635280,4330770,2
2635,2,635310,4330770,2
2636,2,635340,4330770,2
2637,2,635370,4330770,2
2638,2,635400,4330770,2
2639,2,635430,4330770,2
2640,2,635460,4330770,2
2641,2,635490,4330770,2
2642,2,635520,4330770,2
2643,2,635550,4330770,2
2644,1,635580,4330770,1
2645,1,635610,4330770,1
2646,1,635640,4330770,1
2647,1,635670,4330770,1
2648,2,635700,4330770,2
2649,2,635730,4330770,2
2650,2,635760,4330770,2
2651,2,635790,4330770,2
2652,2,635820,4330770,2
2653,2,635850,4330770,2
2654,2,635880,4330770,2
2655,2,635910,4330770,2
2656,2,635940,4330770,2
2657,1,635970,4330770,1
2658,1,636000,4330770,1
2659,1,636030,4330770,1
2660,1,636060,4330770,1
2661,1,636090,4330770,1
2662,1,636120,4330770,1
2663,1,636150,4330770,1
2664,1,636180,4330770,1
2665,1,636210,4330770,1
2666,1,636240,4330770,1
2667,1,636270,4330770,1
2668,1,636300,4330770,1
2669,1,636330,4330770,1
2670,1,636360,4330770,1
2671,1,634590,4330740,1
2672,2,634620,4330740,2
2673,2,634650,4330740,2
2674,2,634680,4330740,2
2675,2,634710,4330740,2
2676,2,634740,4330740,2
2677,2,634770,4330740,2
2678,2,634800,4330740,2
2679,2,634830,4330740,2
2680,2,634860,4330740,2
2681,1,634890,4330740,1
2682,1,634920,4330740,1
2683,2,634950,4330740,2
2684,1,634980,4330740,1
2685,2,635010,4330740,2
2686,2,635040,4330740,2
2687,2,635070,4330740,2
2688,2,635100,4330740,2
2689,2,635130,4330740,2
2690,1,635160,4330740,1
2691,1,635190,4330740,1
2692,1,635220,4330740,1
2693,1,635250,4330740,1
2694,1,635280,4330740,1
2695,2,635310,4330740,2
2696,2,635340,4330740,2
2697,2,635370,4330740,2
2698,2,635400,4330740,2
2699,2,635430,4330740,2
2700,2,635460,4330740,2
2701,2,635490,4330740,2
2702,2,635520,4330740,2
2703,2,635550,4330740,2
2704,2,635580,4330740,2
2705,2,635610,4330740,2
2706,2,635640,4330740,2
2707,2,635670,4330740,2
2708,2,635700,4330740,2
2709,2,635730,4330740,2
2710,2,635760,4330740,2
2711,2,635790,4330740,2
2712,2,635820,4330740,2
2713,2,635850,4330740,2
2714,2,635880,4330740,2
2715,2,635910,4330740,2
2716,2,635940,4330740,2
2717,1,635970,4330740,1
2718,1,636000,4330740,1
2719,1,636030,4330740,1
2720,1,636060,4330740,1
2721,1,636090,4330740,1
2722,1,636120,4330740,1
2723,1,636150,4330740,1
2724,1,636180,4330740,1
2725,1,636210,4330740,1
2726,1,636240,4330740,1
2727,1,636270,4330740,1
2728,1,636300,4330740,1
2729,1,636330,4330740,1
2730,1,636360,4330740,1
2731,1,634590,4330710,1
2732,1,634620,4330710,1
2733,1,634650,4330710,1
2734,1,634680,4330710,1
2735,2,634710,4330710,2
2736,2,634740,4330710,2
2737,2,634770,4330710,2
2738,2,634800,4330710,2
2739,2,634830,4330710,2
2740,2,634860,4330710,2
2741,2,634890,4330710,2
2742,1,634920,4330710,1
2743,1,634950,4330710,1
2744,1,634980,4330710,1
2745,1,635010,4330710,1
2746,2,635040,4330710,2
2747,2,635070,4330710,2
2748,2,635100,4330710,2
2749,2,635130,4330710,2
2750,2,635160,4330710,2
2751,2,635190,4330710,2
2752,1,635220,4330710,1
2753,1,635250,4330710,1
2754,1,635280,4330710,1
2755,1,635310,4330710,1
2756,2,635340,4330710,2
2757,2,635370,4330710,2
2758,2,635400,4330710,2
2759,2,635430,4330710,2
2760,2,635460,4330710,2
2761,2,635490,4330710,2
2762,2,635520,4330710,2
2763,2,635550,4330710,2
2764,2,635580,4330710,2
2765,2,635610,4330710,2
2766,2,635640,4330710,2
2767,2,635670,4330710,2
2768,2,635700,4330710,2
2769,2,635730,4330710,2
2770,2,635760,4330710,2
2771,2,635790,4330710,2
2772,2,635820,4330710,2
2773,2,635850,4330710,2
2774,2,635880,4330710,2
2775,2,635910,4330710,2
2776,2,635940,4330710,2
2777,1,635970,4330710,1
2778,1,636000,4330710,1
2779,1,636030,4330710,1
2780,1,636060,4330710,1
2781,1,636090,4330710,1
2782,1,636120,4330710,1
2783,1,636150,4330710,1
2784,1,636180,4330710,1
2785,1,636210,4330710,1
2786,1,636240,4330710,1
2787,1,636270,4330710,1
2788,1,636300,4330710,1
2789,1,636330,4330710,1
2790,1,636360,4330710,1
2791,2,634590,4330680,2
2792,2,634620,4330680,2
2793,1,634650,4330680,1
2794,2,634680,4330680,2
2795,2,634710,4330680,2
2796,2,634740,4330680,2
2797,2,634770,4330680,2
2798,2,634800,4330680,2
2799,2,634830,4330680,2
2800,2,634860,4330680,2
2801,2,634890,4330680,2
2802,2,634920,4330680,2
2803,1,634950,4330680,1
2804,1,634980,4330680,1
2805,1,635010,4330680,1
2806,1,635040,4330680,1
2807,1,635070,4330680,1
2808,2,635100,4330680,2
2809,2,635130,4330680,2
2810,2,635160,4330680,2
2811,2,635190,4330680,2
2812,2,635220,4330680,2
2813,1,635250,4330680,1
2814,1,635280,4330680,1
2815,1,635310,4330680,1
2816,2,635340,4330680,2
2817,2,635370,4330680,2
2818,2,635400,4330680,2
2819,2,635430,4330680,2
2820,2,635460,4330680,2
2821,2,635490,4330680,2
2822,2,635520,4330680,2
2823,2,635550,4330680,2
2824,2,635580,4330680,2
2825,2,635610,4330680,2
2826,2,635640,4330680,2
2827,2,635670,4330680,2
2828,2,635700,4330680,2
2829,2,635730,4330680,2
2830,2,635760,4330680,2
2831,2,635790,4330680,2
2832,2,635820,4330680,2
2833,1,635850,4330680,1
2834,2,635880,4330680,2
2835,2,635910,4330680,2
2836,2,635940,4330680,2
2837,1,635970,4330680,1
2838,1,636000,4330680,1
2839,1,636030,4330680,1
2840,1,636060,4330680,1
2841,1,636090,4330680,1
2842,1,636120,4330680,1
2843,1,636150,4330680,1
2844,1,636180,4330680,1
2845,1,636210,4330680,1
2846,1,636240,4330680,1
2847,1,636270,4330680,1
2848,1,636300,4330680,1
2849,1,636330,4330680,1
2850,2,634590,4330650,2
2851,2,634620,4330650,2
2852,2,634650,4330650,2
2853,2,634680,4330650,2
2854,2,634710,4330650,2
2855,2,634740,4330650,2
2856,2,634770,4330650,2
2857,2,634800,4330650,2
2858,2,634830,4330650,2
2859,2,634860,4330650,2
2860,2,634890,4330650,2
2861,2,634920,4330650,2
2862,2,634950,4330650,2
2863,1,634980,4330650,1
2864,1,635010,4330650,1
2865,1,635040,4330650,1
2866,1,635070,4330650,1
2867,2,635100,4330650,2
2868,2,635130,4330650,2
2869,2,635160,4330650,2
2870,2,635190,4330650,2
2871,1,635220,4330650,1
2872,1,635250,4330650,1
2873,1,635280,4330650,1
2874,2,635310,4330650,2
2875,2,635340,4330650,2
2876,2,635370,4330650,2
2877,2,635400,4330650,2
2878,2,635430,4330650,2
2879,2,635460,4330650,2
2880,2,635490,4330650,2
2881,2,635520,4330650,2
2882,2,635550,4330650,2
2883,2,635580,4330650,2
2884,2,635610,4330650,2
2885,2,635640,4330650,2
2886,2,635670,4330650,2
2887,2,635700,4330650,2
2888,2,635730,4330650,2
2889,2,635760,4330650,2
2890,1,635790,4330650,1
2891,2,635820,4330650,2
2892,1,635850,4330650,1
2893,1,635880,4330650,1
2894,2,635910,4330650,2
2895,2,635940,4330650,2
2896,1,635970,4330650,1
2897,1,636000,4330650,1
2898,1,636030,4330650,1
2899,1,636060,4330650,1
2900,1,636090,4330650,1
2901,1,636120,4330650,1
2902,1,636150,4330650,1
2903,1,636180,4330650,1
2904,1,636210,4330650,1
2905,1,636240,4330650,1
2906,1,636270,4330650,1
2907,1,636300,4330650,1
2908,1,636330,4330650,1
2909,2,634560,4330620,2
2910,2,634590,4330620,2
2911,2,634620,4330620,2
2912,2,634650,4330620,2
2913,2,634680,4330620,2
2914,2,634710,4330620,2
2915,2,634740,4330620,2
2916,2,634770,4330620,2
2917,2,634800,4330620,2
2918,2,634830,4330620,2
2919,1,634860,4330620,1
2920,2,634890,4330620,2
2921,2,634920,4330620,2
2922,2,634950,4330620,2
2923,1,634980,4330620,1
2924,1,635010,4330620,1
2925,1,635040,4330620,1
2926,2,635070,4330620,2
2927,2,635100,4330620,2
2928,2,635130,4330620,2
2929,2,635160,4330620,2
2930,2,635190,4330620,2
2931,1,635220,4330620,1
2932,1,635250,4330620,1
2933,1,635280,4330620,1
2934,2,635310,4330620,2
2935,2,635340,4330620,2
2936,2,635370,4330620,2
2937,2,635400,4330620,2
2938,2,635430,4330620,2
2939,2,635460,4330620,2
2940,2,635490,4330620,2
2941,2,635520,4330620,2
2942,2,635550,4330620,2
2943,2,635580,4330620,2
2944,2,635610,4330620,2
2945,2,635640,4330620,2
2946,2,635670,4330620,2
2947,2,635700,4330620,2
2948,2,635730,4330620,2
2949,1,635760,4330620,1
2950,1,635790,4330620,1
2951,1,635820,4330620,1
2952,1,635850,4330620,1
2953,1,635880,4330620,1
2954,2,635910,4330620,2
2955,2,635940,4330620,2
2956,2,635970,4330620,2
2957,1,636000,4330620,1
2958,1,636030,4330620,1
2959,1,636060,4330620,1
2960,1,636090,4330620,1
2961,1,636120,4330620,1
2962,1,636150,4330620,1
2963,1,636180,4330620,1
2964,1,636210,4330620,1
2965,1,636240,4330620,1
2966,1,636270,4330620,1
2967,1,636300,4330620,1
2968,1,636330,4330620,1
2969,1,634560,4330590,1
2970,1,634590,4330590,1
2971,2,634620,4330590,2
2972,2,634650,4330590,2
2973,2,634680,4330590,2
2974,2,634710,4330590,2
2975,2,634740,4330590,2
2976,2,634770,4330590,2
2977,2,634800,4330590,2
2978,2,634830,4330590,2
2979,2,634860,4330590,2
2980,2,634890,4330590,2
2981,2,634920,4330590,2
2982,2,634950,4330590,2
2983,2,634980,4330590,2
2984,2,635010,4330590,2
2985,2,635040,4330590,2
2986,2,635070,4330590,2
2987,2,635100,4330590,2
2988,2,635130,4330590,2
2989,2,635160,4330590,2
2990,2,635190,4330590,2
2991,2,635220,4330590,2
2992,2,635250,4330590,2
2993,1,635280,4330590,1
2994,2,635310,4330590,2
2995,2,635340,4330590,2
2996,1,635370,4330590,1
2997,1,635400,4330590,1
2998,2,635430,4330590,2
2999,2,635460,4330590,2
3000,2,635490,4330590,2
3001,2,635520,4330590,2
3002,2,635550,4330590,2
3003,2,635580,4330590,2
3004,2,635610,4330590,2
3005,2,635640,4330590,2
3006,2,635670,4330590,2
3007,1,635700,4330590,1
3008,1,635730,4330590,1
3009,1,635760,4330590,1
3010,1,635790,4330590,1
3011,1,635820,4330590,1
3012,2,635850,4330590,2
3013,2,635880,4330590,2
3014,2,635910,4330590,2
3015,2,635940,4330590,2
3016,2,635970,4330590,2
3017,2,636000,4330590,2
3018,1,636030,4330590,1
3019,1,636060,4330590,1
3020,1,636090,4330590,1
3021,1,636120,4330590,1
3022,1,636150,4330590,1
3023,1,636180,4330590,1
3024,1,636210,4330590,1
3025,1,636240,4330590,1
3026,1,636270,4330590,1
3027,1,636300,4330590,1
3028,1,636330,4330590,1
3029,1,634560,4330560,1
3030,1,634590,4330560,1
3031,2,634620,4330560,2
3032,2,634650,4330560,2
3033,2,634680,4330560,2
3034,2,634710,4330560,2
3035,2,634740,4330560,2
3036,2,634770,4330560,2
3037,2,634800,4330560,2
3038,2,634830,4330560,2
3039,2,634860,4330560,2
3040,2,634890,4330560,2
3041,2,634920,4330560,2
3042,2,634950,4330560,2
3043,2,634980,4330560,2
3044,2,635010,4330560,2
3045,2,635040,4330560,2
3046,2,635070,4330560,2
3047,2,635100,4330560,2
3048,2,635130,4330560,2
3049,2,635160,4330560,2
3050,2,635190,4330560,2
3051,2,635220,4330560,2
3052,2,635250,4330560,2
3053,1,635280,4330560,1
3054,1,635310,4330560,1
3055,2,635340,4330560,2
3056,1,635370,4330560,1
3057,1,635400,4330560,1
3058,2,635430,4330560,2
3059,1,635460,4330560,1
3060,1,635490,4330560,1
3061,2,635520,4330560,2
3062,2,635550,4330560,2
3063,2,635580,4330560,2
3064,2,635610,4330560,2
3065,1,635640,4330560,1
3066,2,635670,4330560,2
3067,2,635700,4330560,2
3068,1,635730,4330560,1
3069,1,635760,4330560,1
3070,1,635790,4330560,1
3071,2,635820,4330560,2
3072,2,635850,4330560,2
3073,2,635880,4330560,2
3074,2,635910,4330560,2
3075,2,635940,4330560,2
3076,2,635970,4330560,2
3077,1,636000,4330560,1
3078,1,636030,4330560,1
3079,1,636060,4330560,1
3080,1,636090,4330560,1
3081,1,636120,4330560,1
3082,1,636150,4330560,1
3083,1,636180,4330560,1
3084,1,636210,4330560,1
3085,1,636240,4330560,1
3086,1,636270,4330560,1
3087,1,636300,4330560,1
3088,1,634530,4330530,1
3089,1,634560,4330530,1
3090,1,634590,4330530,1
3091,1,634620,4330530,1
3092,2,634650,4330530,2
3093,2,634680,4330530,2
3094,2,634710,4330530,2
3095,2,634740,4330530,2
3096,2,634770,4330530,2
3097,2,634800,4330530,2
3098,2,634830,4330530,2
3099,2,634860,4330530,2
3100,2,634890,4330530,2
3101,2,634920,4330530,2
3102,2,634950,4330530,2
3103,2,634980,4330530,2
3104,2,635010,4330530,2
3105,2,635040,4330530,2
3106,2,635070,4330530,2
3107,2,635100,4330530,2
3108,2,635130,4330530,2
3109,2,635160,4330530,2
3110,2,635190,4330530,2
3111,2,635220,4330530,2
3112,1,635250,4330530,1
3113,1,635280,4330530,1
3114,1,635310,4330530,1
3115,1,635340,4330530,1
3116,1,635370,4330530,1
3117,2,635400,4330530,2
3118,2,635430,4330530,2
3119,2,635460,4330530,2
3120,1,635490,4330530,1
3121,1,635520,4330530,1
3122,2,635550,4330530,2
3123,2,635580,4330530,2
3124,2,635610,4330530,2
3125,2,635640,4330530,2
3126,2,635670,4330530,2
3127,2,635700,4330530,2
3128,2,635730,4330530,2
3129,1,635760,4330530,1
3130,1,635790,4330530,1
3131,2,635820,4330530,2
3132,2,635850,4330530,2
3133,2,635880,4330530,2
3134,2,635910,4330530,2
3135,2,635940,4330530,2
3136,2,635970,4330530,2
3137,2,636000,4330530,2
3138,2,636030,4330530,2
3139,1,636060,4330530,1
3140,1,636090,4330530,1
3141,1,636120,4330530,1
3142,1,636150,4330530,1
3143,1,636180,4330530,1
3144,1,636210,4330530,1
3145,1,636240,4330530,1
3146,1,636270,4330530,1
3147,1,636300,4330530,1
3148,2,634530,4330500,2
3149,2,634560,4330500,2
3150,2,634590,4330500,2
3151,1,634620,4330500,1
3152,2,634650,4330500,2
3153,2,634680,4330500,2
3154,2,634710,4330500,2
3155,2,634740,4330500,2
3156,2,634770,4330500,2
3157,2,634800,4330500,2
3158,2,634830,4330500,2
3159,2,634860,4330500,2
3160,2,634890,4330500,2
3161,2,634920,4330500,2
3162,2,634950,4330500,2
3163,2,634980,4330500,2
3164,2,635010,4330500,2
3165,2,635040,4330500,2
3166,2,635070,4330500,2
3167,2,635100,4330500,2
3168,2,635130,4330500,2
3169,2,635160,4330500,2
3170,2,635190,4330500,2
3171,2,635220,4330500,2
3172,2,635250,4330500,2
3173,2,635280,4330500,2
3174,1,635310,4330500,1
3175,1,635340,4330500,1
3176,1,635370,4330500,1
3177,2,635400,4330500,2
3178,2,635430,4330500,2
3179,1,635460,4330500,1
3180,1,635490,4330500,1
3181,1,635520,4330500,1
3182,1,635550,4330500,1
3183,2,635580,4330500,2
3184,2,635610,4330500,2
3185,2,635640,4330500,2
3186,1,635670,4330500,1
3187,2,635700,4330500,2
3188,2,635730,4330500,2
3189,2,635760,4330500,2
3190,2,635790,4330500,2
3191,2,635820,4330500,2
3192,2,635850,4330500,2
3193,2,635880,4330500,2
3194,2,635910,4330500,2
3195,2,635940,4330500,2
3196,2,635970,4330500,2
3197,2,636000,4330500,2
3198,2,636030,4330500,2
3199,2,636060,4330500,2
3200,2,636090,4330500,2
3201,1,636120,4330500,1
3202,1,636150,4330500,1
3203,1,636180,4330500,1
3204,1,636210,4330500,1
3205,1,636240,4330500,1
3206,1,636270,4330500,1
3207,1,636300,4330500,1
3208,2,634530,4330470,2
3209,2,634560,4330470,2
3210,2,634590,4330470,2
3211,2,634620,4330470,2
3212,2,634650,4330470,2
3213,2,634680,4330470,2
3214,2,634710,4330470,2
3215,2,634740,4330470,2
3216,2,634770,4330470,2
3217,2,634800,4330470,2
3218,2,634830,4330470,2
3219,2,634860,4330470,2
3220,2,634890,4330470,2
3221,2,634920,4330470,2
3222,2,634950,4330470,2
3223,2,634980,4330470,2
3224,2,635010,4330470,2
3225,2,635040,4330470,2
3226,2,635070,4330470,2
3227,2,635100,4330470,2
3228,2,635130,4330470,2
3229,2,635160,4330470,2
3230,2,635190,4330470,2
3231,2,635220,4330470,2
3232,2,635250,4330470,2
3233,2,635280,4330470,2
3234,2,635310,4330470,2
3235,1,635340,4330470,1
3236,1,635370,4330470,1
3237,2,635400,4330470,2
3238,2,635430,4330470,2
3239,1,635460,4330470,1
3240,2,635490,4330470,2
3241,2,635520,4330470,2
3242,1,635550,4330470,1
3243,1,635580,4330470,1
3244,1,635610,4330470,1
3245,1,635640,4330470,1
3246,1,635670,4330470,1
3247,1,635700,4330470,1
3248,2,635730,4330470,2
3249,2,635760,4330470,2
3250,2,635790,4330470,2
3251,2,635820,4330470,2
3252,2,635850,4330470,2
3253,2,635880,4330470,2
3254,2,635910,4330470,2
3255,2,635940,4330470,2
3256,2,635970,4330470,2
3257,2,636000,4330470,2
3258,2,636030,4330470,2
3259,2,636060,4330470,2
3260,2,636090,4330470,2
3261,2,636120,4330470,2
3262,1,636150,4330470,1
3263,1,636180,4330470,1
3264,1,636210,4330470,1
3265,1,636240,4330470,1
3266,1,636270,4330470,1
3267,1,636300,4330470,1
3268,2,634530,4330440,2
3269,2,634560,4330440,2
3270,2,634590,4330440,2
3271,2,634620,4330440,2
3272,2,634650,4330440,2
3273,2,634680,4330440,2
3274,2,634710,4330440,2
3275,2,634740,4330440,2
3276,2,634770,4330440,2
3277,2,634800,4330440,2
3278,2,634830,4330440,2
3279,2,634860,4330440,2
3280,2,634890,4330440,2
3281,2,634920,4330440,2
3282,2,634950,4330440,2
3283,2,634980,4330440,2
3284,2,635010,4330440,2
3285,2,635040,4330440,2
3286,2,635070,4330440,2
3287,2,635100,4330440,2
3288,2,635130,4330440,2
3289,2,635160,4330440,2
3290,2,635190,4330440,2
3291,2,635220,4330440,2
3292,2,635250,4330440,2
3293,2,635280,4330440,2
3294,1,635310,4330440,1
3295,2,635340,4330440,2
3296,2,635370,4330440,2
3297,1,635400,4330440,1
3298,1,635430,4330440,1
3299,1,635460,4330440,1
3300,2,635490,4330440,2
3301,2,635520,4330440,2
3302,1,635550,4330440,1
3303,1,635580,4330440,1
3304,1,635610,4330440,1
3305,1,635640,4330440,1
3306,1,635670,4330440,1
3307,1,635700,4330440,1
3308,2,635730,4330440,2
3309,2,635760,4330440,2
3310,2,635790,4330440,2
3311,2,635820,4330440,2
3312,2,635850,4330440,2
3313,2,635880,4330440,2
3314,2,635910,4330440,2
3315,2,635940,4330440,2
3316,2,635970,4330440,2
3317,1,636000,4330440,1
3318,1,636030,4330440,1
3319,2,636060,4330440,2
3320,2,636090,4330440,2
3321,2,636120,4330440,2
3322,2,636150,4330440,2
3323,1,636180,4330440,1
3324,1,636210,4330440,1
3325,1,636240,4330440,1
3326,1,636270,4330440,1
3327,1,636300,4330440,1
3328,2,634530,4330410,2
3329,2,634560,4330410,2
3330,2,634590,4330410,2
3331,2,634620,4330410,2
3332,2,634650,4330410,2
3333,2,634680,4330410,2
3334,2,634710,4330410,2
3335,2,634740,4330410,2
3336,2,634770,4330410,2
3337,2,634800,4330410,2
3338,2,634830,4330410,2
3339,2,634860,4330410,2
3340,2,634890,4330410,2
3341,2,634920,4330410,2
3342,2,634950,4330410,2
3343,2,634980,4330410,2
3344,2,635010,4330410,2
3345,2,635040,4330410,2
3346,2,635070,4330410,2
3347,2,635100,4330410,2
3348,2,635130,4330410,2
3349,2,635160,4330410,2
3350,2,635190,4330410,2
3351,2,635220,4330410,2
3352,2,635250,4330410,2
3353,1,635280,4330410,1
3354,1,635310,4330410,1
3355,2,635340,4330410,2
3356,2,635370,4330410,2
3357,2,635400,4330410,2
3358,2,635430,4330410,2
3359,2,635460,4330410,2
3360,2,635490,4330410,2
3361,1,635520,4330410,1
3362,1,635550,4330410,1
3363,1,635580,4330410,1
3364,1,635610,4330410,1
3365,1,635640,4330410,1
3366,1,635670,4330410,1
3367,1,635700,4330410,1
3368,1,635730,4330410,1
3369,2,635760,4330410,2
3370,2,635790,4330410,2
3371,2,635820,4330410,2
3372,2,635850,4330410,2
3373,2,635880,4330410,2
3374,2,635910,4330410,2
3375,1,635940,4330410,1
3376,2,635970,4330410,2
3377,2,636000,4330410,2
3378,1,636030,4330410,1
3379,1,636060,4330410,1
3380,2,636090,4330410,2
3381,1,636120,4330410,1
3382,1,636150,4330410,1
3383,1,636180,4330410,1
3384,1,636210,4330410,1
3385,1,636240,4330410,1
3386,1,636270,4330410,1
3387,1,636300,4330410,1
3388,2,634530,4330380,2
3389,2,634560,4330380,2
3390,2,634590,4330380,2
3391,2,634620,4330380,2
3392,2,634650,4330380,2
3393,2,634680,4330380,2
3394,2,634710,4330380,2
3395,2,634740,4330380,2
3396,2,634770,4330380,2
3397,2,634800,4330380,2
3398,2,634830,4330380,2
3399,2,634860,4330380,2
3400,2,634890,4330380,2
3401,2,634920,4330380,2
3402,2,634950,4330380,2
3403,2,634980,4330380,2
3404,2,635010,4330380,2
3405,2,635040,4330380,2
3406,2,635070,4330380,2
3407,2,635100,4330380,2
3408,2,635130,4330380,2
3409,2,635160,4330380,2
3410,2,635190,4330380,2
3411,2,635220,4330380,2
3412,2,635250,4330380,2
3413,2,635280,4330380,2
3414,2,635310,4330380,2
3415,2,635340,4330380,2
3416,1,635370,4330380,1
3417,2,635400,4330380,2
3418,2,635430,4330380,2
3419,2,635460,4330380,2
3420,2,635490,4330380,2
3421,1,635520,4330380,1
3422,1,635550,4330380,1
3423,1,635580,4330380,1
3424,1,635610,4330380,1
3425,1,635640,4330380,1
3426,1,635670,4330380,1
3427,1,635700,4330380,1
3428,1,635730,4330380,1
3429,1,635760,4330380,1
3430,2,635790,4330380,2
3431,2,635820,4330380,2
3432,2,635850,4330380,2
3433,2,635880,4330380,2
3434,2,635910,4330380,2
3435,1,635940,4330380,1
3436,1,635970,4330380,1
3437,1,636000,4330380,1
3438,1,636030,4330380,1
3439,1,636060,4330380,1
3440,1,636090,4330380,1
3441,1,636120,4330380,1
3442,1,636150,4330380,1
3443,1,636180,4330380,1
3444,1,636210,4330380,1
3445,1,636240,4330380,1
3446,1,636270,4330380,1
3447,2,634530,4330350,2
3448,2,634560,4330350,2
3449,2,634590,4330350,2
3450,2,634620,4330350,2
3451,2,634650,4330350,2
3452,2,634680,4330350,2
3453,2,634710,4330350,2
3454,2,634740,4330350,2
3455,2,634770,4330350,2
3456,2,634800,4330350,2
3457,2,634830,4330350,2
3458,2,634860,4330350,2
3459,2,634890,4330350,2
3460,2,634920,4330350,2
3461,2,634950,4330350,2
3462,2,634980,4330350,2
3463,2,635010,4330350,2
3464,2,635040,4330350,2
3465,2,635070,4330350,2
3466,2,635100,4330350,2
3467,2,635130,4330350,2
3468,2,635160,4330350,2
3469,2,635190,4330350,2
3470,2,635220,4330350,2
3471,2,635250,4330350,2
3472,2,635280,4330350,2
3473,2,635310,4330350,2
3474,2,635340,4330350,2
3475,1,635370,4330350,1
3476,1,635400,4330350,1
3477,2,635430,4330350,2
3478,2,635460,4330350,2
3479,1,635490,4330350,1
3480,1,635520,4330350,1
3481,2,635550,4330350,2
3482,1,635580,4330350,1
3483,1,635610,4330350,1
3484,1,635640,4330350,1
3485,1,635670,4330350,1
3486,1,635700,4330350,1
3487,1,635730,4330350,1
3488,2,635760,4330350,2
3489,2,635790,4330350,2
3490,2,635820,4330350,2
3491,2,635850,4330350,2
3492,2,635880,4330350,2
3493,2,635910,4330350,2
3494,1,635940,4330350,1
3495,1,635970,4330350,1
3496,1,636000,4330350,1
3497,1,636030,4330350,1
3498,1,636060,4330350,1
3499,1,636090,4330350,1
3500,1,636120,4330350,1
3501,1,636150,4330350,1
3502,1,636180,4330350,1
3503,1,636210,4330350,1
3504,1,636240,4330350,1
3505,1,636270,4330350,1
3506,2,634560,4330320,2
3507,2,634590,4330320,2
3508,2,634620,4330320,2
3509,2,634650,4330320,2
3510,2,634680,4330320,2
3511,2,634710,4330320,2
3512,2,634740,4330320,2
3513,2,634770,4330320,2
3514,2,634800,4330320,2
3515,2,634830,4330320,2
3516,2,634860,4330320,2
3517,2,634890,4330320,2
3518,2,634920,4330320,2
3519,2,634950,4330320,2
3520,2,634980,4330320,2
3521,2,635010,4330320,2
3522,2,635040,4330320,2
3523,2,635070,4330320,2
3524,2,635100,4330320,2
3525,2,635130,4330320,2
3526,2,635160,4330320,2
3527,2,635190,4330320,2
3528,2,635220,4330320,2
3529,2,635250,4330320,2
3530,2,635280,4330320,2
3531,2,635310,4330320,2
3532,2,635340,4330320,2
3533,2,635370,4330320,2
3534,2,635400,4330320,2
3535,2,635430,4330320,2
3536,2,635460,4330320,2
3537,2,635490,4330320,2
3538,1,635520,4330320,1
3539,1,635550,4330320,1
3540,1,635580,4330320,1
3541,1,635610,4330320,1
3542,1,635640,4330320,1
3543,1,635670,4330320,1
3544,1,635700,4330320,1
3545,1,635730,4330320,1
3546,2,635760,4330320,2
3547,2,635790,4330320,2
3548,1,635820,4330320,1
3549,2,635850,4330320,2
3550,2,635880,4330320,2
3551,2,635910,4330320,2
3552,1,635940,4330320,1
3553,1,635970,4330320,1
3554,1,636000,4330320,1
3555,1,636030,4330320,1
3556,1,636060,4330320,1
3557,1,636090,4330320,1
3558,1,636120,4330320,1
3559,1,636150,4330320,1
3560,1,636180,4330320,1
3561,1,636210,4330320,1
3562,1,636240,4330320,1
3563,1,636270,4330320,1
3564,1,634680,4330290,1
3565,2,634710,4330290,2
3566,2,634740,4330290,2
3567,2,634770,4330290,2
3568,2,634800,4330290,2
3569,2,634830,4330290,2
3570,2,634860,4330290,2
3571,2,634890,4330290,2
3572,2,634920,4330290,2
3573,2,634950,4330290,2
3574,2,634980,4330290,2
3575,2,635010,4330290,2
3576,2,635040,4330290,2
3577,2,635070,4330290,2
3578,2,635100,4330290,2
3579,2,635130,4330290,2
3580,2,635160,4330290,2
3581,2,635190,4330290,2
3582,2,635220,4330290,2
3583,2,635250,4330290,2
3584,2,635280,4330290,2
3585,2,635310,4330290,2
3586,2,635340,4330290,2
3587,2,635370,4330290,2
3588,2,635400,4330290,2
3589,2,635430,4330290,2
3590,2,635460,4330290,2
3591,2,635490,4330290,2
3592,2,635520,4330290,2
3593,1,635550,4330290,1
3594,1,635580,4330290,1
3595,1,635610,4330290,1
3596,1,635640,4330290,1
3597,1,635670,4330290,1
3598,1,635700,4330290,1
3599,1,635730,4330290,1
3600,2,635760,4330290,2
3601,1,635790,4330290,1
3602,1,635820,4330290,1
3603,2,635850,4330290,2
3604,2,635880,4330290,2
3605,2,635910,4330290,2
3606,2,635940,4330290,2
3607,2,635970,4330290,2
3608,1,636000,4330290,1
3609,1,636030,4330290,1
3610,1,636060,4330290,1
3611,1,636090,4330290,1
3612,1,636120,4330290,1
3613,1,636150,4330290,1
3614,1,636180,4330290,1
3615,1,636210,4330290,1
3616,1,636240,4330290,1
3617,1,636270,4330290,1
3618,2,634890,4330260,2
3619,2,634920,4330260,2
3620,1,634950,4330260,1
3621,2,634980,4330260,2
3622,2,635010,4330260,2
3623,2,635040,4330260,2
3624,2,635070,4330260,2
3625,2,635100,4330260,2
3626,2,635130,4330260,2
3627,2,635160,4330260,2
3628,2,635190,4330260,2
3629,2,635220,4330260,2
3630,2,635250,4330260,2
3631,2,635280,4330260,2
3632,2,635310,4330260,2
3633,2,635340,4330260,2
3634,2,635370,4330260,2
3635,2,635400,4330260,2
3636,2,635430,4330260,2
3637,2,635460,4330260,2
3638,2,635490,4330260,2
3639,2,635520,4330260,2
3640,2,635550,4330260,2
3641,2,635580,4330260,2
3642,1,635610,4330260,1
3643,1,635640,4330260,1
3644,1,635670,4330260,1
3645,1,635700,4330260,1
3646,1,635730,4330260,1
3647,1,635760,4330260,1
3648,1,635790,4330260,1
3649,1,635820,4330260,1
3650,2,635850,4330260,2
3651,2,635880,4330260,2
3652,2,635910,4330260,2
3653,2,635940,4330260,2
3654,1,635970,4330260,1
3655,1,636000,4330260,1
3656,1,636030,4330260,1
3657,1,636060,4330260,1
3658,1,636090,4330260,1
3659,1,636120,4330260,1
3660,1,636150,4330260,1
3661,1,636180,4330260,1
3662,1,636210,4330260,1
3663,1,636240,4330260,1
3664,1,636270,4330260,1
3665,2,634890,4330230,2
3666,1,634920,4330230,1
3667,1,634950,4330230,1
3668,1,634980,4330230,1
3669,2,635010,4330230,2
3670,2,635040,4330230,2
3671,2,635070,4330230,2
3672,2,635100,4330230,2
3673,2,635130,4330230,2
3674,2,635160,4330230,2
3675,2,635190,4330230,2
3676,2,635220,4330230,2
3677,2,635250,4330230,2
3678,2,635280,4330230,2
3679,2,635310,4330230,2
3680,2,635340,4330230,2
3681,2,635370,4330230,2
3682,2,635400,4330230,2
3683,2,635430,4330230,2
3684,2,635460,4330230,2
3685,2,635490,4330230,2
3686,2,635520,4330230,2
3687,2,635550,4330230,2
3688,2,635580,4330230,2
3689,1,635610,4330230,1
3690,1,635640,4330230,1
3691,1,635670,4330230,1
3692,1,635700,4330230,1
3693,1,635730,4330230,1
3694,1,635760,4330230,1
3695,1,635790,4330230,1
3696,1,635820,4330230,1
3697,1,635850,4330230,1
3698,2,635880,4330230,2
3699,2,635910,4330230,2
3700,2,635940,4330230,2
3701,2,635970,4330230,2
3702,1,636000,4330230,1
3703,1,636030,4330230,1
3704,1,636060,4330230,1
3705,1,636090,4330230,1
3706,1,636120,4330230,1
3707,1,636150,4330230,1
3708,1,636180,4330230,1
3709,2,636210,4330230,2
3710,1,636240,4330230,1
3711,1,636270,4330230,1
3712,1,634890,4330200,1
3713,1,634920,4330200,1
3714,1,634950,4330200,1
3715,1,634980,4330200,1
3716,1,635010,4330200,1
3717,2,635040,4330200,2
3718,2,635070,4330200,2
3719,2,635100,4330200,2
3720,2,635130,4330200,2
3721,2,635160,4330200,2
3722,2,635190,4330200,2
3723,2,635220,4330200,2
3724,2,635250,4330200,2
3725,2,635280,4330200,2
3726,2,635310,4330200,2
3727,2,635340,4330200,2
3728,2,635370,4330200,2
3729,2,635400,4330200,2
3730,2,635430,4330200,2
3731,2,635460,4330200,2
3732,2,635490,4330200,2
3733,2,635520,4330200,2
3734,2,635550,4330200,2
3735,2,635580,4330200,2
3736,1,635610,4330200,1
3737,1,635640,4330200,1
3738,1,635670,4330200,1
3739,2,635700,4330200,2
3740,1,635730,4330200,1
3741,1,635760,4330200,1
3742,1,635790,4330200,1
3743,1,635820,4330200,1
3744,1,635850,4330200,1
3745,1,635880,4330200,1
3746,2,635910,4330200,2
3747,2,635940,4330200,2
3748,2,635970,4330200,2
3749,1,636000,4330200,1
3750,1,636030,4330200,1
3751,1,636060,4330200,1
3752,1,636090,4330200,1
3753,1,636120,4330200,1
3754,1,636150,4330200,1
3755,2,636180,4330200,2
3756,1,636210,4330200,1
3757,1,636240,4330200,1
3758,1,636270,4330200,1
3759,1,635010,4330170,1
3760,2,635040,4330170,2
3761,2,635070,4330170,2
3762,2,635100,4330170,2
3763,2,635130,4330170,2
3764,2,635160,4330170,2
3765,2,635190,4330170,2
3766,2,635220,4330170,2
3767,2,635250,4330170,2
3768,2,635280,4330170,2
3769,2,635310,4330170,2
3770,2,635340,4330170,2
3771,2,635370,4330170,2
3772,2,635400,4330170,2
3773,2,635430,4330170,2
3774,2,635460,4330170,2
3775,2,635490,4330170,2
3776,2,635520,4330170,2
3777,2,635550,4330170,2
3778,2,635580,4330170,2
3779,2,635610,4330170,2
3780,1,635640,4330170,1
3781,1,635670,4330170,1
3782,1,635700,4330170,1
3783,1,635730,4330170,1
3784,1,635760,4330170,1
3785,1,635790,4330170,1
3786,1,635820,4330170,1
3787,1,635850,4330170,1
3788,1,635880,4330170,1
3789,1,635910,4330170,1
3790,1,635940,4330170,1
3791,2,635970,4330170,2
3792,1,636000,4330170,1
3793,1,636030,4330170,1
3794,1,636060,4330170,1
3795,1,636090,4330170,1
3796,1,636120,4330170,1
3797,1,636150,4330170,1
3798,1,636180,4330170,1
3799,1,636210,4330170,1
3800,1,636240,4330170,1
3801,1,636270,4330170,1
3802,2,635250,4330140,2
3803,2,635280,4330140,2
3804,2,635310,4330140,2
3805,2,635340,4330140,2
3806,2,635370,4330140,2
3807,2,635400,4330140,2
3808,2,635430,4330140,2
3809,2,635460,4330140,2
3810,2,635490,4330140,2
3811,2,635520,4330140,2
3812,2,635550,4330140,2
3813,2,635580,4330140,2
3814,2,635610,4330140,2
3815,2,635640,4330140,2
3816,1,635670,4330140,1
3817,1,635700,4330140,1
3818,2,635730,4330140,2
3819,1,635760,4330140,1
3820,1,635790,4330140,1
3821,1,635820,4330140,1
3822,1,635850,4330140,1
3823,1,635880,4330140,1
3824,1,635910,4330140,1
3825,1,635940,4330140,1
3826,1,635970,4330140,1
3827,1,636000,4330140,1
3828,2,636030,4330140,2
3829,1,636060,4330140,1
3830,1,636090,4330140,1
3831,1,636120,4330140,1
3832,1,636150,4330140,1
3833,1,636180,4330140,1
3834,1,636210,4330140,1
3835,1,636240,4330140,1
3836,1,636270,4330140,1
3837,2,635490,4330110,2
3838,2,635520,4330110,2
3839,2,635550,4330110,2
3840,2,635580,4330110,2
3841,2,635610,4330110,2
3842,2,635640,4330110,2
3843,1,635670,4330110,1
3844,1,635700,4330110,1
3845,1,635730,4330110,1
3846,1,635760,4330110,1
3847,1,635790,4330110,1
3848,1,635820,4330110,1
3849,1,635850,4330110,1
3850,1,635880,4330110,1
3851,2,635910,4330110,2
3852,1,635940,4330110,1
3853,1,635970,4330110,1
3854,1,636000,4330110,1
3855,1,636030,4330110,1
3856,1,636060,4330110,1
3857,2,636090,4330110,2
3858,1,636120,4330110,1
3859,1,636150,4330110,1
3860,1,636180,4330110,1
3861,1,636210,4330110,1
3862,1,636240,4330110,1
3863,1,636270,4330110,1
3864,2,635580,4330080,2
3865,2,635610,4330080,2
3866,1,635640,4330080,1
3867,1,635670,4330080,1
3868,1,635700,4330080,1
3869,1,635730,4330080,1
3870,1,635760,4330080,1
3871,1,635790,4330080,1
3872,1,635820,4330080,1
3873,1,635850,4330080,1
3874,1,635880,4330080,1
3875,1,635910,4330080,1
3876,1,635940,4330080,1
3877,1,635970,4330080,1
3878,1,636000,4330080,1
3879,2,636030,4330080,2
3880,2,636060,4330080,2
3881,1,636090,4330080,1
3882,1,636120,4330080,1
3883,1,636150,4330080,1
3884,1,636180,4330080,1
3885,1,636210,4330080,1
3886,1,636240,4330080,1
3887,1,636270,4330080,1
3888,1,635610,4330050,1
3889,1,635640,4330050,1
3890,1,635670,4330050,1
3891,1,635700,4330050,1
3892,1,635730,4330050,1
3893,1,635760,4330050,1
3894,1,635790,4330050,1
3895,1,635820,4330050,1
3896,1,635850,4330050,1
3897,1,635880,4330050,1
3898,1,635910,4330050,1
3899,1,635940,4330050,1
3900,1,635970,4330050,1
3901,1,636000,4330050,1
3902,1,636030,4330050,1
3903,1,636060,4330050,1
3904,1,636090,4330050,1
3905,1,636120,4330050,1
3906,2,636150,4330050,2
3907,1,636180,4330050,1
3908,1,636210,4330050,1
3909,1,636240,4330050,1
3910,1,636270,4330050,1
3911,2,635610,4330020,2
3912,1,635640,4330020,1
3913,1,635670,4330020,1
3914,1,635700,4330020,1
3915,1,635730,4330020,1
3916,1,635760,4330020,1
3917,2,635790,4330020,2
3918,1,635820,4330020,1
3919,1,635850,4330020,1
3920,1,635880,4330020,1
3921,1,635910,4330020,1
3922,1,635940,4330020,1
3923,1,635970,4330020,1
3924,1,636000,4330020,1
3925,1,636030,4330020,1
3926,1,636060,4330020,1
3927,1,636090,4330020,1
3928,1,636120,4330020,1
3929,1,636150,4330020,1
3930,1,636180,4330020,1
3931,1,636210,4330020,1
3932,1,636240,4330020,1
3933,1,636270,4330020,1
3934,2,635640,4329990,2
3935,1,635670,4329990,1
3936,1,635700,4329990,1
3937,1,635730,4329990,1
3938,2,635760,4329990,2
3939,2,635790,4329990,2
3940,1,635820,4329990,1
3941,1,635850,4329990,1
3942,1,635880,4329990,1
3943,1,635910,4329990,1
3944,1,635940,4329990,1
3945,1,635970,4329990,1
3946,1,636000,4329990,1
3947,1,636030,4329990,1
3948,1,636060,4329990,1
3949,1,636090,4329990,1
3950,1,636120,4329990,1
3951,1,636150,4329990,1
3952,1,636180,4329990,1
3953,1,636210,4329990,1
3954,1,636240,4329990,1
3955,1,636270,4329990,1
3956,1,636300,4329990,1
3957,2,635640,4329960,2
3958,2,635670,4329960,2
3959,1,635700,4329960,1
3960,1,635730,4329960,1
3961,1,635760,4329960,1
3962,1,635790,4329960,1
3963,1,635820,4329960,1
3964,1,635850,4329960,1
3965,1,635880,4329960,1
3966,1,635910,4329960,1
3967,1,635940,4329960,1
3968,1,635970,4329960,1
3969,1,636000,4329960,1
3970,1,636030,4329960,1
3971,1,636060,4329960,1
3972,2,636090,4329960,2
3973,1,636120,4329960,1
3974,1,636150,4329960,1
3975,1,636180,4329960,1
3976,1,636210,4329960,1
3977,1,636240,4329960,1
3978,1,636270,4329960,1
3979,1,636300,4329960,1
3980,2,635640,4329930,2
3981,2,635670,4329930,2
3982,1,635700,4329930,1
3983,1,635730,4329930,1
3984,1,635760,4329930,1
3985,1,635790,4329930,1
3986,1,635820,4329930,1
3987,1,635850,4329930,1
3988,1,635880,4329930,1
3989,1,635910,4329930,1
3990,1,635940,4329930,1
3991,1,635970,4329930,1
3992,1,636000,4329930,1
3993,1,636030,4329930,1
3994,1,636060,4329930,1
3995,1,636090,4329930,1
3996,1,636120,4329930,1
3997,1,636150,4329930,1
3998,1,636180,4329930,1
3999,1,636210,4329930,1
4000,1,636240,4329930,1
4001,1,636270,4329930,1
4002,1,636300,4329930,1
4003,2,635670,4329900,2
4004,2,635700,4329900,2
4005,1,635730,4329900,1
4006,1,635760,4329900,1
4007,1,635790,4329900,1
4008,1,635820,4329900,1
4009,1,635850,4329900,1
4010,1,635880,4329900,1
4011,1,635910,4329900,1
4012,1,635940,4329900,1
4013,1,635970,4329900,1
4014,1,636000,4329900,1
4015,1,636030,4329900,1
4016,1,636060,4329900,1
4017,1,636090,4329900,1
4018,1,636120,4329900,1
4019,1,636150,4329900,1
4020,1,636180,4329900,1
4021,1,636210,4329900,1
4022,1,636240,4329900,1
4023,1,636270,4329900,1
4024,1,636300,4329900,1
4025,2,635670,4329870,2
4026,2,635700,4329870,2
4027,2,635730,4329870,2
4028,1,635760,4329870,1
4029,1,635790,4329870,1
4030,1,635820,4329870,1
4031,1,635850,4329870,1
4032,1,635880,4329870,1
4033,1,635910,4329870,1
4034,1,635940,4329870,1
4035,1,635970,4329870,1
4036,1,636000,4329870,1
4037,1,636030,4329870,1
4038,1,636060,4329870,1
4039,1,636090,4329870,1
4040,1,636120,4329870,1
4041,1,636150,4329870,1
4042,1,636180,4329870,1
4043,1,636210,4329870,1
4044,1,636240,4329870,1
4045,1,636270,4329870,1
4046,2,635700,4329840,2
4047,2,635730,4329840,2
4048,1,635760,4329840,1
4049,1,635790,4329840,1
4050,1,635820,4329840,1
4051,1,635850,4329840,1
4052,1,635880,4329840,1
4053,1,635910,4329840,1
4054,1,635940,4329840,1
4055,1,635970,4329840,1
4056,1,636000,4329840,1
4057,1,636030,4329840,1
4058,2,636060,4329840,2
4059,1,636090,4329840,1
4060,1,636120,4329840,1
4061,1,636150,4329840,1
4062,1,636180,4329840,1
4063,1,636210,4329840,1
4064,1,636240,4329840,1
4065,1,636270,4329840,1
4066,2,635730,4329810,2
4067,2,635760,4329810,2
4068,2,635790,4329810,2
4069,1,635820,4329810,1
4070,1,635850,4329810,1
4071,1,635880,4329810,1
4072,1,635910,4329810,1
4073,1,635940,4329810,1
4074,1,635970,4329810,1
4075,1,636000,4329810,1
4076,1,636030,4329810,1
4077,1,636060,4329810,1
4078,1,636090,4329810,1
4079,1,636120,4329810,1
4080,1,636150,4329810,1
4081,1,636180,4329810,1
4082,1,636210,4329810,1
4083,1,636240,4329810,1
4084,2,635760,4329780,2
4085,2,635790,4329780,2
4086,2,635820,4329780,2
4087,1,635850,4329780,1
4088,1,635880,4329780,1
4089,1,635910,4329780,1
4090,1,635940,4329780,1
4091,1,635970,4329780,1
4092,1,636000,4329780,1
4093,1,636030,4329780,1
4094,1,636060,4329780,1
4095,1,636090,4329780,1
4096,1,636120,4329780,1
4097,1,636150,4329780,1
4098,1,636180,4329780,1
4099,1,636210,4329780,1
4100,1,636240,4329780,1
4101,2,635760,4329750,2
4102,2,635790,4329750,2
4103,2,635820,4329750,2
4104,1,635850,4329750,1
4105,1,635880,4329750,1
4106,1,635910,4329750,1
4107,1,635940,4329750,1
4108,1,635970,4329750,1
4109,1,636000,4329750,1
4110,1,636030,4329750,1
4111,1,636060,4329750,1
4112,1,636090,4329750,1
4113,1,636120,4329750,1
4114,1,636150,4329750,1
4115,1,636180,4329750,1
4116,1,636210,4329750,1
4117,2,635760,4329720,2
4118,2,635790,4329720,2
4119,2,635820,4329720,2
4120,2,635850,4329720,2
4121,1,635880,4329720,1
4122,1,635910,4329720,1
4123,1,635940,4329720,1
4124,1,635970,4329720,1
4125,1,636000,4329720,1
4126,1,636030,4329720,1
4127,1,636060,4329720,1
4128,1,636090,4329720,1
4129,1,636120,4329720,1
4130,1,636150,4329720,1
4131,1,636180,4329720,1
4132,2,635760,4329690,2
4133,2,635790,4329690,2
4134,2,635820,4329690,2
4135,1,635850,4329690,1
4136,1,635880,4329690,1
4137,1,635910,4329690,1
4138,1,635940,4329690,1
4139,1,635970,4329690,1
4140,1,636000,4329690,1
4141,1,636030,4329690,1
4142,1,636060,4329690,1
4143,1,636090,4329690,1
4144,1,636120,4329690,1
4145,1,636150,4329690,1
4146,1,635910,4329660,1
4147,1,635940,4329660,1
4148,1,635970,4329660,1
4149,1,636000,4329660,1
4150,1,636030,4329660,1
4151,1,636060,4329660,1
4152,1,636090,4329660,1
4153,1,636120,4329660,1
